sentiment,tweet_text
joy,I suppose I am happy being so tiny it means I am able to surprise people with what is generally seen as my confident and outgoing personality
joy,Lennox has always truly wanted to fight for the world title and was happy taking the tough route
joy,He was a professional musician now still sensitive and happy doing something he loved
joy,Holmes is happy having the freedom of the house when we are out
joy,I had problems with tutors trying to encourage me to diversity my work and experiment with other styles but I was quite happy with the direction my work was heading so I stubbornly stuck to it
joy,These days he is quite happy travelling by trolley
joy,I m really happy in the group now
joy,I was given a dummy in which to do my preliminary sketches but the dummy was designed so beautifully by Amelia Edwards that I was really happy with my work
joy,I must say I was not totally happy about her going on at Yeo Davis with me in the government
joy,Indeed the two M boys themselves were not totally happy at first at having these initially undisciplined children visiting their home and generally being around on a regular basis
joy,I am very happy with the way I am playing but I accept that he believes he should be England s flyhalf
joy,But seriously I m very happy that you re staying
joy,We are very happy that the Volkswagen Tour has enabled us to welcome this renowned orchestra to the Festival for the first time
joy,In the last 10 days of the trail however he became much happier to take risks although babies remained unkissed
joy,A drop of scotch during occasional periods of selfcriticism helped him to become happy with himself but most of the time he was happy anyway
joy,He felt suddenly happy at being alive
joy,What I did nt understand was why I did nt feel happy walking down the street afterwards
joy,Sarah tried to stop herself from feeling happy at this revelation
joy,He seemed happy with this
joy,Nevertheless no writer however selfsufficient writes without a thought of an audience and Tolkien was happy to discover anyone who could appreciate what he was up to
joy,He s just happy to get on with it
joy,Neil Kinnock was happy that his deputy should spell out his commitment to equality as Labour s objective
joy,I was happy that I was having my own baby but sometimes I used to cry for nothing and I was easily upset
joy,We are not happy that the group is meeting Sinn Fein and will demand an explanation from the Consulate
joy,I m so happy you could make it my favourite jockey
joy,Said his coboss Curbishley I was a bit disappointed when Lennie Lawrence at Middlesbrough did nt come up with the price we d fixed but I m happy the lad is still here
joy,Do you have a delight in animals and skill in their management
joy,The book also moves close to a highly critical analysis of science and yet never becomes antiscience only antiscientific Jones s own delight in physics enthusiastically drawing the sting out of his own criticism
joy,But he was sniffily dismayed at their delight in consumerism and sheeplike attitude to the reactionary rubbish in the papers
joy,Trying to hide her enormous delight in his return Juliet turned to David
joy,Estelle s delight in Thomas made your mother very happy Ashley recalled her head resting against his chest
joy,She cackled and slapped her knees bent double and wheezing with delight at her own witticisms
joy,My delight at everything I saw was beyond bounds gardens were allotted my sister and self there was the canal to fish in a pony to ride besides animals of different kinds
joy,They were astonished to see the penguin and swooped low to call out with delight at her sleek feathers and solid little body
joy,The ANC while expressing delight at their decision nevertheless continued to call for the dissolution of the tricameral parliament which it regarded as essentially racist
joy,Her stumbling repetition masked a growing delight at his basic error
joy,Bobby Robson s delight at having guided his team to another major tourament was coupled with gratitude to the 40yearold goalkeeper
joy,Expressing his delight at being appointed he said This is the one job I had hoped for
joy,Headmaster Jim Jones recalled her delight at winning the egg and spoon race
joy,The delight at being finally united with Joan was tempered by a feeling of discomfort about Ronnie Leahy
joy,Minton s sober and workmanlike drawings instance his delight in registering rhythmic activity and industrial shapes
joy,His delight and sense of wonder at the growth of his baby were erratic as other interests pressed but real enough
joy,Yes I d like to declare a small case of French flu a dangerous fondness for Flaubert a childish delight in French roadsigns and a love of the light as you look north
joy,The celebration of sexuality found in the works of Sidur Neizvestny and others stemmed partly from the mischievous delight in taunting society s taboos
joy,It was also due to a barbaric delight in highsounding verbiage and probably this was the most powerful reason for its use
joy,Re was at first pleased but soon realised that Hathor s delight in killing might lead to the destruction of all mankind which he had not intended
joy,Their cheerfulness and delight at still being alive only made Charlie feel more guilty
joy,This time Ronni admitted it feeling a little like a traitor at the confession and at the sense of pure delight she felt at Guido s gesture
joy,In the end the poems must be read as expressions of sheer delight in friendship
joy,With such obvious delight in food it s hard to see how Blanc remains so slim
joy,The animal seemed to take a perverse delight in terrorizing him
joy,All he d glimpsed through the window was Matta playing solitaire of some kind so why had the man taken such delight in terrifying him
joy,But do I take delight in pushing you down making you worse
joy,Todd showed delight in simple songs and reverence when invited to pray
joy,But my chairman and vicechairman have given me another year s contract and I m absolutely delighted to be staying at Nottingham Forest
joy,I m absolutely delighted that we achieved what we set out to do at the beginning of the week which was to ensure that the Ryder Cup stayed on this side of the Atlantic
joy,Highly delighted with the transaction we made our way back to Althorp Street wondering how we were to break the news to Mrs Sugden
joy,Both Mr Souness and Jim Smith the Portsmouth manager emphasised how delighted they were with the overall quality of yesterday s tie
joy,She was on her feet taking his hand smiling at him telling him how delighted she was to meet him
joy,Sir I am writing to say how delighted I am with your magazine
joy,Mr Mitterrand appears so delighted with the ultracourteous Edouard Balladur that some Socialists wonder whether he has at last found the prime minister of his dreams
joy,I was responsible for Community Programme for the last 18 months of its life so I m delighted to be involved in introducing Community Action
joy,So we re delighted to bring our conference to support our members in Portsmouth
joy,The Buenos Aires flight was delayed and the plane horribly hot but this did nt upset the passengers who seemed delighted to be going home
joy,The proprietress seemed delighted to see them
joy,For the watching world she smiled and laughed seeming perfectly delighted with her husband and newfound status
joy,He did nt seem too delighted to see you said Betty
joy,Advertisers said they were delighted to see many of their proposals reflected in the Government s approach
joy,Whether or not the Palace actually arranged for the drawing to be removed there can be little doubt that they were delighted to be rid of it
joy,I am delighted that you are so cheerful and optimistic
joy,On the other hand she suspected that FowlerThrown would be delighted to have a private view of Newley s collection
joy,Obviously staff will be delighted that the appointment of a new Director has been made and sad that Tom has gone but it is the proposed reorganisation which will occupy the minds of most staff
joy,I was delighted to see the photograph of the staff from Department One published in the JanuaryFebruary issue of Wimpey News
joy,They were delighted with the turnout of spectators and the general organisations by local authorities
joy,We are delighted to help the museum extend its collection said Mr Watson
joy,Not having entered art competitions before I m delighted to have reached the finals
joy,I m delighted to learn that his advice has been sought in the present enterprise
joy,We act cool like we re not delighted to meet up again then we sit round the kitchen table and talk
joy,My Lord Mayor I m delighted to have this opportunity to debate the Government s health reforms again
joy,Delighted to be taken for another ride in another car the little boy chuckled
joy,I m delighted that you ve been able to come along at such short notice
joy,What is it asked the eightyearold delighted that he had somehow managed to amuse this mature woman of nineteen
joy,Now that I ve seen the finished copy I m delighted that I encouraged Susan to write it said Mrs Major
joy,Li Yuan was smiling broadly pleased with himself proud of his scheme and delighted that he had Tsu Ma s approval
joy,Though relieved and fiercely delighted that she had apparently stopped him in his tracks Polly was apprehensive about going back up on deck
joy,I m delighted they left you the house Julia told Margaret
joy,We were all very worried about you and I m delighted you re home again
joy,I m delighted you re so pleased to see me
joy,Lee and Ian have shown they have what it takes to earn firstyear professional terms and I m delighted they ve agreed to join us
joy,McGoldrick signed on for four years after talks with Highbury boss George Graham and said I m delighted it s all gone through so smoothly
joy,Sammy stuck his nose in the air delighted at such attention
joy,The dog delighted at last to have some attention paid to it raced ahead scenting rabbits his great tail pluming
joy,He appeared delighted at the prospect
joy,Looking anything but delighted at the prospect he stood up
joy,She grinned delighted at this mindreading
joy,She cackled delighted with the queasy mixture on the plate hot brown coffee lapping at the pale wedge of sugared pastry
joy,Delighted with their silver medals for reaching the final against the world champions England saw the match open with an expected win by the world champion Jorgen Persson over English champion Chen Xinhua 218 2118
joy,In my youth says Baxter I was quickly past my fundamentals and was running up into a multitude of controversies and greatly delighted with metaphysical and scholastic writings
joy,Modigliani delighted with the atmosphere of warmth and sincerity resumed his friendship with Soutine and Indenbaum
joy,And remember as with all our offers we guarantee to refund your money if you re not delighted with your purchase
joy,He chuckled delighted at having amazed her
joy,Delighted at having gained his complete attention Lori squirmed in her seat
joy,Morrissey was ecstatic at the response
joy,If you use a fax card you ll be ecstatic to see that WordStar has the capacity to create faxable files in a matter of seconds
joy,With a grimace Donal murmured gloomily He was nt exactly ecstatic at my explanation
joy,Thank you thank you she cried quite ecstatic that he d unbent
joy,Well he barked clearly not ecstatic that she thought she could lay down conditions
joy,Every time they got near him he backed off ecstatic with excitement tail wagging furiously
joy,The elation of witnessing birth may be followed by a sense of disorientation at being a displaced person
joy,But Richard s elation at regaining his health was short lived because his kidneys started to fail
joy,Rescued dogs are often somewhat nervous of people and yet may also become excited to see you when you have been out for example
joy,I could nt wait for the pictures to come out I was so excited to see them
joy,I am so excited about seeing my sons again
joy,They are naturally excited about getting the championship back after 33 years he said
joy,This man introduced me to an agent who did nt look all that excited to see me and was only obliging a friend
joy,Now that he was committed to a course of action he felt exhilarated
joy,He was exhilarated when he heard Ornette Coleman improvising free jazz with his plastic saxophone at a club
joy,Reflecting on the experience Donia said I think you re exhilarated by the determination and strength of the human spirit
joy,Her cheeks were already aglow from a combination of the heat and the exhilaration of being the centre of attention and this had lent an extra youthful radiance to her beauty
joy,Clive also attended visibly gleeful that he had spared the school any undesirable publicity by unloading me in the nick of time
joy,Mention of the press s glee at the humiliation of the investigators behind this summer s highprofile surveillance project Operation Blackbird who were fooled by an obvious hoax brings out Tarr s own nascent conspiracy theory
joy,Many Labour MPs could not hide their glee at the SNP s action such is their antipathy to crossparty cooperation
joy,Whereas in Crime and Punishment and in the novels which follow he can though his narrow glee over being ahead of the fact is unworthy of his art and of what idealism and deeper realism intend
joy,On reaching the Fish I let out a cry of triumph overjoyed to have got there while conveniently forgetting the Verdonlike wall which lay above
joy,Thacker was not overjoyed to see them but he played along switching on the charm
joy,Most estate agents were overjoyed at the election result
joy,The warden and his wife being owners of a Siamese cat were not overjoyed to see Emily but they reluctantly fed her a saucer of milk saying that she could stay for one night
joy,Louise was overjoyed with the suggestion
joy,So the chief librarian was surprised and not particularly overjoyed to be dragged down from his rooftop sun terrace by Harry s telephone call
joy,The young lord was overjoyed to see what a beautiful wife his friends had found for him
joy,The very idea is preposterous and I was overjoyed to see that you believed me
joy,You know Joanna will be overjoyed to see you in any condition
joy,They take young grandpas said Linda amazed and overjoyed he d had the idea for himself and still not able to get over her daughter s news
joy,I do nt suppose you re overjoyed that I ve got a friend in the rival camp
joy,Neighbours recalled how Ms Bailey was overjoyed at the birth of her daughter
joy,But his father was overjoyed to see him and at once threw a party
joy,Landlords were not pleased to find that their apartment blocks had overnight become the property of the tenants
joy,He seemed pleased to remind us of yet more evidence of Bouilland s humming modernity and took us out into the sun again
joy,The London Irish Women s Centre are pleased to announce that the Irish language classes for adults will continue with Siobhan Ni Neill on Fridays from 1030 am to 1230 starting on Feb 7
joy,We were pleased to see the Canadians do so well in the World Cup after they had beaten us over there
joy,We are pleased to see the guidance state unequivocally that major retail developments are inappropriate in Green Belts
joy,I have said we will be pleased to provide backup with visitor s packs etc and that I would inform you of the request
joy,I am pleased that there has been a threefold increase in for example HRT prescriptions during the past 10 years
joy,I am pleased that they have responded very positively
joy,George Grindal was pleased that he could turn to the bedside cabinet and take up the feeding glass containing orange juice
joy,Guinness is particularly pleased that its own employees can participate in these programmes through matched giving schemes
joy,Yes yes I did she told him feeling ridiculously pleased that he was clearly enjoying her first attempt at baking a cake
joy,Lexie s parents are pleased that their efforts may prevent other children dying from the side effects of steroid treatment
joy,I think everyone is very pleased they ve changed their minds said England s mostcapped player Rory Underwood
joy,I was so pleased she lived until just after Sam was born
joy,Blake says how pleased he is with the firm s improved performance acknowledging the considerable efforts and progress it has made
joy,Your mother and I are so pleased you are so happy
joy,She washed the floor thorough and was pleased she had done so
joy,To tell you the truth I was nt at all pleased about Russell sitting in the same coach with us
joy,I could never have agreed to such a plan but was pleased at Mick s change of mood
joy,The King was bluntly informing him that he was ill pleased at the lack of progress Corbett was making
joy,Smiling across the room at Laura s tall slender figure she added Besides everyone in your office was so pleased at your promotion
joy,I was particularly pleased at the emphasis on investment in education and training in science research and development and the commitments he gave on transport and health and community care
joy,I can see you re pleased with yourself
joy,Everyone seemed very pleased with the arrangements Philippe had made did nt they Rose
joy,I saw him return this morning so pleased with himself
joy,He laughed showing his white sharp teeth pleased with his joke
joy,I m delighted that you were pleased with the response
joy,Apparently Skipper landed felt extremely pleased with himself and threw an enormous buck with a twist in it
joy,Even my father was nt too pleased about continually having to clean his porch roof which our residents had covered in droppings and other nest debris
joy,At the beginning of the Olevel summer term I weighed eight stone three pounds and if I was pleased at having lost two pounds I certainly did nt say so
joy,She smiled as if pleased at displaying her superiority
joy,He liked to think of her being pleased at getting a letter
joy,I hope you were pleased with how much we sold
joy,Mrs Thatcher has mastered the soundbite to be repeated at intervals like a mantra So very pleased with how it s going
joy,I m very pleased with how we ve reacted to our bad start to the season
joy,She was pleased at how low her voice was how steady
joy,Whatever I want she wants and she s pleased at how things have turned out
joy,They obviously thought I was doing terribly badly at that time and were very pleased at how well they had rigged me out until I put on the mac
joy,Nevertheless your father and mother too for that matter may well be very pleased if your boyfriend takes the time to have a chat with them
joy,Katherine I haven t yet told you how pleased we all are that you shall be going to school here and be with us at Valois frequently
joy,I am supposed to be going there with Sister Agape but I d be pleased if you would take my place
joy,As it was I felt thrilled to be walking on the same ground that young Thomson had trodden long before
joy,A friend said Joan is thrilled Katy has found such a nice chap
joy,Professor Winston said I m thrilled to see them all here
joy,Most pool owners are thrilled if they can persuade their fish to breed successfully
joy,I felt thrilled to be back in Abyssinia and stared entranced at the arid landscape of the Danakil desert
joy,I m thrilled to see her
joy,Keith a general operator at Associated Octel s plant in Ellesmere Port is thrilled to see his brother back home
joy,His excitement at the prospect of exploiting that potential is palpable though he has no illusions about current difficulties
joy,FOR months now I have been trying to contain excitement at the thought of the compact disc
joy,Because of what had happened some of her excitement at the thought of seeing Czechoslovakia had ebbed
joy,Manufacturers could play on the excitement of a commentary to sell their sets
joy,I had lost the excitement of the first Ramble to the Trossachs which had all been new territory
joy,But a dry day would bring bigger crowds and add to the excitement of the vital third round of the tournament
joy,Travellers might get used to jetlag in the sense that they learn to live with it or they might find it progressively more irksome as their initial excitement with travel begins to wear thin
joy,I enjoyed his excitement with politics
joy,All around there was the electric atmosphere of first night excitement
joy,This would normally push up her heart rate but with her pulse already racing due to the alcohol dancing and general party excitement the increase is not as noticeable as normal
joy,It was a sort of excitement to him
joy,As Christmas approached the excitement of preparation began to get through to her
joy,You are afraid and full of excitement at thoughts of what you might find
joy,He had seen beyond the excitement of being approached for his first book he already visualised it on the bookshelves
joy,Perhaps only she knows the journey he has made from the cocky Jackthelad who neglected the discipline of academic study for the raw excitement of Leftwing politics to the measured politician with an answer for everyone
joy,We are off and have great excitement fishing up treasure fake tied to bladders
joy,Neither he nor Peter can conceal excitement at being back in the limelight again
joy,I have explained to pupils that I do not know the answer and so I can share the excitement of working out a problem with them
joy,I remember being highly amused at his rendering of a young rook s cry whilst gobbling a worm it was perfectly true to nature
joy,She was already feeling a bit better and she felt quite amused at this cool domination especially as she was not going to pay any attention to it
joy,Even falling asleep as he was McLeish was amused at Bruce Davidson s hopeful proprietorial air
joy,Clattering on trying to hold five ponies and eat an icecream Perdita was not amused to hear whoops and noisy hooting behind her
joy,Hauser was amused at the suggestion
joy,Robert Stephenson when John met him after the week s delay was amused at the story of the Triumph of Rhyll
joy,Our amusement at his false assumption seemed to ease the tension between us
joy,However I thought you might share my amusement at the thought of baked beans at a low tension
joy,His amusement at the scene was rekindled
sadness,I was quite sad to hear my right hon Friend the Minister of Agriculture Fisheries and Food say that he was prepared to sit in the negotiations for months
sadness,I am really sad that nobody wants to do it like I have done it for them
sadness,The Denning family feel sad that although Sharpness is still thriving it ll never be the busy port it once was
sadness,Now it makes me sad to think of them growing up
sadness,I m sad that it folded but it s come at a good time she tells me
sadness,I am desperately sad that our scheme did not come to fruition but I am glad that someone will take it over and bring these jobs to the area
sadness,I am sad we have not been afforded the same welcome given to the Beirut hostages he told a deeply moved audience at the AGM last month
sadness,We were all sad it was over
sadness,I m particularly sad my mother has nt had the opportunity to buy even his MC
sadness,It s possible to be sad about your babies becoming children and yet accept the fact that you wo nt have any more
sadness,Anne was sad at the death of the Misses Dolan but too much was happening for her to dwell on it
sadness,Everyone will be sad at their departure
sadness,The truth was that Mr Wolski was sad with himself for he did not wish to stay on at the Zoo any longer
sadness,He was sad about missing the forthcoming whiskies
sadness,I WAS sad and also slightly amused to read the recent letter from a reader about the skilled worker only being offered 3 an hour
sadness,Madam Speaker I know that there will be great sadness at this news
sadness,Some grandparents have the sadness of losing rather than gaining grandchildren
sadness,I am saddened that the article uses the spurious connection between dialect and poverty as a means of attacking English teaching in this country
sadness,John Parsons in Nice is saddened to see the former world No 1 humbled in another comeback attempt at the age of 35
sadness,We are saddened to learn that for some people the conference failed to develop strategies for action
sadness,I am saddened to find that such thinking still exists within the profession
sadness,A CLERGYMAN who trains priests yesterday said he was saddened but not surprised that he had been sacked after admitting he does not believe in God
sadness,Rosemary Sandford of Darlington Association on Disability said they were saddened and disappointed they were not given the opportunity to express their views at the meeting
sadness,He turned away his feeling of anguish at the nothingness of it all overwhelming him
sadness,She still after all these years did not know and one hand clenched in involuntary anguish at what she thought of as her intolerable betrayal of her brother
sadness,We feel very strongly about that and that the law should be changed for future children so that they should be spared the anguish of separation and no contact at all
sadness,In the pictures of Belsen the sheer anguish on the faces of the Tommies contrasts starkly with the indifference of the SS recorded in their cheery souvenir albums
sadness,He remembers the anguish of disapproval and the comforting security of guardians
sadness,But last night he insisted he had no grudge against Taylor even though in his column he openly discussed his innermost anguish at being one of only three England players not to kick a ball during finals
sadness,LEE SHARPE last night relived the anguish of discovering he had a disease which he feared could not only end his career but kill him
sadness,Segments in D major and B minor accord with episodes of the drama as this unfolds but two isolated D minor movements underscore Dido s anguish at being betrayed
sadness,At a news conference at the Royal Geographical Society in London they described the mental and physical anguish of their 95day trek
sadness,Politicians who objected to Mrs Thatcher and her radical conviction politics suffered the anguish of apparently unresolvable frustration
sadness,Both were crestfallen after Stevie s erratic performance on the 17th
sadness,There s no reason to feel dejected about the future
sadness,It s not just health problems they suffer but many people can get really depressed living in houses where they have to keep washing the mould off the walls
sadness,Even the Prince of Wales depressed at the thought of the ordeal to come cheered up at the sight of the food
sadness,In spite of everything Burun felt depressed by the whole affair and could not understand why
sadness,Then still depressed at being ditched he drank eight pints on a night out with other squaddies said prosecutor Graham Boal
sadness,Behind her she heard Emilia say I think the child will be quite desolate to see me go
sadness,I am desolate that Anthony has died
sadness,The sense of relief that the Danes had let us all painlessly off the Maastricht hook was immediately replaced by a despondency at the Government s response
sadness,Julie is devastated to discover she is adopted and she sets out to find her natural parents
sadness,It was hot sunny and the water looked so cool and inviting that Maggie felt quite downcast about having no swimsuit
sadness,Dolores felt glum at the sight
sadness,The people of America and throughout the world were stunned and griefstricken by the President s assassination
sadness,The queen was griefstricken at his death
sadness,Her emotion this time was not prompted by grief for her mother but by the seriousness of the moment
sadness,Kurzlinger hated Voss for what he had done and the man s grief for his murdered love was not to be underestimated
sadness,Amanda s grief for her father was compounded by anxiety over his ontological status
sadness,A 16yearold girl works herself into a frenzy of grief for a friend killed by rightwing vigilantes
sadness,To express their grief over the Warrington atrocity the people of Dublin sent thousands of floral tributes to Liverpool this morning with the Irish Air Corps
sadness,Within the ranks of the music press there seemed to be a genuine grief at the split and the band s loyal followers responded accordingly filling the letter pages with tearful doleful sentiment
sadness,In spite of her grief at being parted from her cousins she could not help but feel excited
sadness,John had been moved to Norfolk and promoted to Corporal and he wrote to Anne nearly every day loving letters which helped to make her grief for her mother more bearable
sadness,Relatives often carry enormous personal burdens for example the grief of losing a child s expected bright future or the tragic decline into senility of a loved companion
sadness,He was not overwhelmed with grief for Kit but evidently his eyes felt otherwise
sadness,Her grief at his death was deep and sincere
sadness,And even those could be put down to excessive grief at the loss of his wife
sadness,And though the heartbreak of her troubled marriage still haunts her she raised a grin as Prince Harry waved from their car in London
sadness,They suffered the heartbreak of losing three children through premature births
sadness,Jane Moss said yesterday that the double heartbreak of her daughter s death and the murder of her own mum 11 years ago made her want to care for the needy
sadness,For the owner it can mean heartbreak at the loss of a family pet
sadness,So many families will face the heartbreak of burglary before Christmas
sadness,She regarded the wife of former Beirut hostage Jackie Mann as a dear friend and was heartbroken she could not see her before she died of lung cancer on November 30
sadness,YEOVIL TOWN captain Mark Shail was heartbroken last night over the rash moment which may cost him the chance of playing in the dream FA Cup tie against Arsenal
sadness,Britt is heartbroken that her eightyear marriage to toyboy husband Slim Jim McDonnell 31 is to end in divorce
sadness,She was heartbroken to hear the voice of Camilla
sadness,She d be heartbroken if her father was nt at her wedding
sadness,Their mother died a month later heartbroken by the loss of her mate
sadness,No wonder she was now inconsolable at the prospect of the child being returned to London
sadness,Several hours passed while he sat there knowing that Maud would be inconsolable at having missed a charity dinner
sadness,Nails became miserable with anxiety
sadness,She s miserable that it all has to end
sadness,Me I m miserable that it s all beginning
sadness,Even so I was miserable when we were second from last
sadness,And I know that s miserable for you but what else can you do
sadness,It is miserable for us to look back on these things
sadness,Life you know it s miserable for them
sadness,Thenceforward I was always wanting to take the joys of solitude and of society in their extreme forms and was alternatively miserable from the lack of company or the presence of uncongenial company
sadness,The walk to the town centre is long enough to invigorate me and short enough to avoid getting miserable from the cold
sadness,I was miserable with cold but although I was prepared to admit that I was miserable I was nt prepared to admit that my misery had any connection with cold
sadness,He was miserable at being left out
sadness,Since many parents were miserable at being separated from their offspring and it would be a struggle for some to pay money for their misery they finally decided to have them home again
sadness,Members requested the committee s sorrow that the work had begun without permission should be passed on to the county council
sadness,It soon developed into disillusion as the town s death toll grew and ended in jubilant relief not unmixed with sorrow at the memory of townsfolk who would not return
sadness,Goebbels himself had signed her travel papers under pressure from his sympathetic wife Magda who had mistaken Lais s hysterical sobs for sorrow at Karl s death
sadness,He is portrayed as showing sorrow at the destruction caused by German bombers and it is he who saves the day by first giving himself up and then being shot by Clogger
sadness,Three of our candles are in this colour to represent our sorrow for our failure to love in so many parts of our lives
sadness,The awakened will gives rise to fear of God sorrow for sin hope for forgiveness and love of God Leah s first four children
sadness,He told of his sorrow at having to quit a job he passionately enjoyed
sadness,Was nt there one word of sympathy he could offer to ease her sorrow at having loved and lost him
sadness,To his great sorrow he could never recall his mother
sadness,Yet the dog had grown old and less capable and one day the gillie had come and explained with great sorrow that the dog had suffered a stroke and must be put down
sadness,Peers expressed their sorrow at the news of the separation of the Prince and Princess of Wales after the Lord Chancellor Lord Mackay of Clashfern relayed the Prime Minister s announcement to them
sadness,He expressed at once his sorrow for my father s death
sadness,I join the hon Gentleman in expressing our sorrow at that tragic loss
sadness,Both of them were aware of Alain s black anger and Marguerite was feeling the sorrow of leaving her own house
sadness,Despite my anger and despair at what had happened to Brian killing myself now would nt make amends for not helping him
sadness,He had understood James s despair at the enormity of the ruin but not what the loss of Edward was already meaning
sadness,Away from the defence debate Dr Mowlam also yesterday spoke of her despair at the growing homeless problem in her constituency
sadness,Nizan s despair in 1939 at the NaziSoviet pact and the Soviet invasion of Poland echoed Sartre s despair in 1956 at the Soviet repression in Hungary
sadness,In their communiqu the finance ministers could usefully point out that the current despair over eastern Germany is overdone
sadness,It does at times reveal a certain despair over her present situation a fact that is rather concerning
sadness,Lewis VerneSmith sat shaking his head less as a gesture of denial than of a generalized despair at the state of the world
sadness,I feel despair at being deceived and betrayed
sadness,Labour supporters must be in despair at not being able to race away from the Tories in the run up to the election
surprise,surpriseNow you see in our day and generation we do nt need to be reminded of the importance of little things the more we learn about the atom the more we re astonished at its complexity and its unseen power surprise
surprise,surpriseLin Foh blinked quite astonished at being spoken to so sharply surprise
surprise,surpriseWhen Ramsey came to read the book himself later in life he was astonished and at one point burst out laughing to discover what irrational expressions he could use surprise
surprise,surpriseI was astonished at the smallness of the area which these enclosed surprise
surprise,surpriseFrom the outset commentators seem to have been astonished at the great interest the competition evoked surprise
surprise,surpriseHe was astonished at the change in him surprise
surprise,surpriseNow as he strode north determined on its recovery he was ashamed and astonished at his own folly surprise
surprise,surpriseBut when I got to be twentyone I was astonished at how much he had learned in seven years surprise
surprise,surpriseShe was astonished and secretly pleased that he had remembered her name surprise
surprise,surpriseThose new to the area were always astonished at the vivid crimson of the earth and buildings surprise
surprise,surpriseMaggie was quite astonished at her own determination on that score surprise
surprise,surpriseBut she was even more astonished at her ladyship s next words surprise
surprise,surpriseEleanor Thorne halfsat up in the great bed astonished at the freshness the absolute appeal of her idea surprise
surprise,surprise I m astonished at what you ve achieved Kitty surprise
surprise,surprise From all you say of Papa announced Dr Neil naughtily I m astonished to learn that he went bankrupt surprise
surprise,surpriseShe saw his fear his bewilderment and above all a kind of astonishment at the enormity of the complications that lay ahead surprise
surprise,surpriseMy previous astonishment at the fact that people who came here like De Michelis the former foreign secretary or like exPrime Minister Andreotti never endowed us with any money is now diminished surprise
surprise,surpriseMartha replied and left her twin sister blinking in astonishment at a possibility that had nt occurred to her before but which was now enticingly attractive surprise
surprise,surpriseMrs Syms s astonishment at her appearance was almost comical surprise
surprise,surpriseCarolyn watched him caught between her astonishment at his presence here and the sudden absolutely natural way they were talking surprise
surprise,surpriseMiss Logan concealed her astonishment at this curious lecture but felt bound to enquire further surprise
surprise,surpriseBut there was some astonishment at the size and timing of the exceptional writeoffs which will result in 9000 job losses from a worldwide total of 128600 surprise
surprise,surpriseJohn Lahr told me of his astonishment at how unpleasant he could be to waiters at the Indian restaurant they visited together surprise
surprise,surpriseWhen the peatbrown eyes fixed on hers again their level gaze showed he had recovered from his astonishment at seeing her surprise
surprise,surpriseAN OXFORDSHIRE reader expresses astonishment that so many of the hotels featured in this column border on Fawlty Towers surprise
surprise,surpriseWe write to express astonishment at the standard of writing that has featured in much of your preelection coverage surprise
surprise,surpriseLomponda wa Botende a former Chief of Staff expressed his astonishment at the report and the Defence Ministry denied that any coup attempt had been made surprise
surprise,surpriseHe felt a mixture of astonishment at himself and irritation that his rigid daily routine was going to be broken after forty undisturbed years surprise
surprise,surpriseAlexei was unable to hide his astonishment at Siban s subdued tone surprise
surprise,surpriseExhacker Stephen Gold says he remains astounded at the arrogance of the Law Commission for not drawing on the experience of others surprise
surprise,surpriseHe added I m astounded he has not been on the fringe of the Dutch team surprise
surprise,surpriseA man was astounded to walk into his son s bedroom and find him sitting playing chess with his dog surprise
surprise,surpriseSome workers have been astounded at the amount of extra paperwork surprise
surprise,surpriseSerge was astounded to see a bedraggled Lili appear in his room in the middle of the night surprise
surprise,surpriseHe must have managed to purloin a copy of the house key from somewhere and was obviously astounded to find someone already scouring the house especially her surprise
surprise,surpriseAnd even as I did I was astounded at myself surprise
surprise,surpriseHis last illness was the most violent and his doctors were astounded that he survived it surprise
surprise,surpriseShe seemed to be almost floating and Maggie was astounded that the sharp stones had not given her enough pain to waken her surprise
surprise,surpriseZen was so astounded at finding Cinzia there on that particular evening that he could think of nothing whatever to say surprise
surprise,surpriseBefore she left for London Cllr Cooper said I am astounded to have been chosen surprise
surprise,surprise Please do said Ianthe who was temporarily a little bewildered at Penelope s appearance and unconventional clothes surprise
surprise,surpriseWhat s so terrible for IMP in that she blustered still bewildered why he should find the idea of it so important surprise
surprise,surpriseDavid filled her dreams the ecstasy of their lovemaking and the pain and bewilderment of his abrupt departure surprise
surprise,surpriseThere was such masculine bewilderment in his deep voice at the unexpected display of emotion that Fran smiled surprise
surprise,surpriseI m downright flabbergasted to know you re treatin Dolly so unkind an beatin er as well surprise
surprise,surpriseUpon his arrival he was nonplussed to find the yard and buildings deserted surprise
surprise,surpriseGeorge knew that she was a bit nonplussed at his eagerness for her to have her own social life surprise
surprise,surpriseJoan s great skill then as now was to be completely nonplussed by anything Richard did surprise
surprise,surpriseBranson was nonplussed by Elliott s refusal in fact it constituted the perfect challenge surprise
surprise,surpriseFabia felt it might be a touch cruel to laugh at him again but feeling certain he would run a mile if she took him seriously she was a little nonplussed about how to answer him surprise
surprise,surpriseRocastle got a page long interview expressing some puzzlement at Wilko keeping him out of the first team surprise
surprise,surpriseHe seemed startled to see me as if applicants once embarked on musical offices rarely returned surprise
surprise,surpriseI am startled to find myself addressing you instead surprise
disgust,Now the special envoy of the UN High Commissioner for Refugees JoseMaria Mendiluce says he is revolted to hear those words from Mr Boban
disgust,I am outraged and revolted by the decision of my supervisors
disgust,A lot of people they re absolutely revolted by the fact that these evil depraved IRA godfathers can recruit impressionable young Irish people into committing appalling acts of violence
disgust,Evreux s Communist mayor Roland Plaisance said he was revolted by the firing and praised Gaillot s commitment to staying close to the poor and the excluded
disgust,One of Greece s largest hunting clubs located in the northern port city of Salonica said in an announcement that it was revolted by the dog fights
disgust,I am sickened to now learn that the Government has acquiesced to the other EC leaders on this issue at the Edinburgh Summit and that for the sake of subsidiarity this directive has been dropped
disgust,Os Guinness has captured this middleclass revulsion against materialism and affluent decadence in his bestselling book The Dust of Death 1973
disgust,In many schools in the 1960s a revulsion against decontextualised exercises brought about a complete abandonment of the teaching of grammar
disgust,What we are seeing now is a public revulsion against violence in society which is feeding through to a desire for greater sensitivity by programme makers he said
disgust,Even in the 1930s the antiSemitism of literary figures like Hilaire Belloc and G K Chesterton coexisted uneasily with their revulsion at the racial policies of the new Germany
disgust,Thomas Coram s revulsion at the infant corpses in London gutters led him to campaign for a hospital for foundlings established in 1741
disgust,Revulsion at injustice poverty and denied opportunity he says impels people to work for a better world
disgust,However I quite enjoyed describing the horrors of my creation and shared with Edward Young the architect his revulsion for the hideous house covered in peeling stucco as chilling within as without
disgust,He said he would be happy to lead the march planned for next Sunday to show the city s revulsion for terrorism
disgust,But equally it provided a home for some of the darkest forms of distrust of and revulsion from sex and marriage
disgust,This instinctive revulsion from regulation is the foundation of his libertarian heritage and it gives rise to a particular vision of how broadcasting should develop and what its purposes should be
disgust,It is unfortunate that such considerations may be thrust out of view by continuing public and perhaps personal revulsion towards the concept of child sexuality
disgust,There was as yet no significant revulsion amongst the general public towards the use of nuclear weapons to save manpower
disgust,Nell swallowed down the revulsion of the word normal
disgust,Its roots were both theological and caused by the revulsion of the burnings in Mary s reign
disgust,Colette works at marshalling our feelings of revulsion at this voracious creature who has almost killed the poor box thorn
disgust,Revulsion at what has been happening there is not a prerogative of the politically correct
disgust,If so he would undo her revulsion with tonight s business
disgust,Such sideeffects seem to be becoming increasingly common these days and many patients are becoming disgruntled with these drugs and are seeking safer alternatives
disgust,We were feeling rather disgruntled at how many good films we d obviously missed when a man came on to the stage to read the nominations for one of the categories
disgust,He looked disgruntled to see Harbury despite Eliot s explanation that he wanted Harbury to give what further help Shildon needed
disgust,He could pretend she was a good housewife cook and mother to other men who were disgruntled at their wives brilliant careers
disgust,It linked the poor performance with the exodus to the West of more than 330000 East Germans disgruntled with Communism
disgust,Woody Allen wrote and directed this comedy in which he stars as New Yorker Isaac Davis who is in love with his city but disgruntled with his job as a TV comedy writer
disgust,But they were caught out when accounts assistant Anne Riley disgruntled at being sacked told chairman Douglas Bishop of their alleged antics
disgust,Charles opened his eyes warily disgruntled at being dragged out of his dream
disgust,Nor in the western part of the country does disgruntlement with Mr Kohl mean gruntlement for Social Democrats
disgust,Be prepared to train twice as hard on your weaker side and each time you feel fedup through lack of progress switch to your stronger side to give yourself a boost
disgust,We are getting a bit fedup of people saying how badly opponents play against us
disgust,FACTORY workers fedup with secretary Carolyn Bullock s dodgy parking hoisted her car on to the firm s roof with a crane
disgust,In an increasingly healthconscious world executives from Brazil to Britain have become increasingly fedup with luncheon excesses
disgust,I know they are working on a building site but we are just fedup with this disruption
disgust,The caveman got fedup with walking
anger,They have also aroused Protestant anger against Dr Runcie at the same time as he has become involved in a row over his attack on the Pharisees of British society
anger,To his own surprise all his anger against Edouard had evaporated
anger,Fear fingered Ruth again and she suppressed a futile burst of anger against Adam
anger,This is often the feeling the bereaved find most difficult to acknowledge their anger against the dead person for abandoning them to face the world alone
anger,In me battled a flood of relief at being reprieved and anger at such vile deception
anger,Despite a flaring anger at this impertinence her eyes were drawn to the strong column of his throat as he swallowed
anger,JOHN SMITH understandably is boiling with anger at the Tory refusal to recall Parliament
anger,In the Commons Labour MPs unleashed their anger at the Liberal Democrats for promising to back the Government
anger,As lieutenantgovernor he is remembered for fleeing down the statehouse fire escape to avoid senators anger over his choice of committee assignments
anger,I m not ashamed of it she retorted taut with anger over his reference to her mother
anger,Liz s anger towards Raquel dates back to a charity dinner this year
anger,Tonight one of Hadley s victims described her anger towards him and her relief he d been found guilty
anger,Yet she still finds herself full of frustration and anger towards him
anger,Duncan could imagine their anger at being forced into another emergency manoeuvre
anger,But his initial anger at finding the latest two victims of the insane killer s bloodlust blazed into an allconsuming hatred of the man who had done it
anger,After this she ceased to blame herself for the breakdown of their marriage but instead expressed considerable anger towards her husband
anger,Under de Gaulle therefore the Information Minister was a Broadcasting Minister to whom the head of state sometimes expressed day by day his anger with the content of news and current affairs programmes
anger,I felt a stifled anger against her
anger,For a moment she felt anger at his unfeeling attitude but common sense prevailed
anger,I was very very angry to read Batty s comments about Leeds
anger,However in this case the crowd was angry that extra time was not going to be played and vented their fury on the pitch and the police rather than on one another
anger,He was angry that Bernard had gone too
anger,For the Opposition Sam Galbraith said he was particularly angry that the Government was reneging on the ballot subsidy
anger,You re angry I m here are nt you
anger,I m so angry our little boy is dead because someone wanted to drive fast
anger,His mother had begun to feel very angry about his refusal to eat as he had started to lose weight which worried her
anger,Hoskyns who only had another year to live was angry at his university
anger,He got quite angry at the impossibility of Clarissa having given any such instructions
anger,A European consumers pressure group is angry at the chaotic state of control on such potentiallylethal products
anger,My father used to get so angry at her stubbornness not at all like me used to doing what I was told
anger,I recall thinking that I had to be home soon or Mother would be angry at me for missing supper
anger,How on earth when her heart was thumping and her body drowning in a wave of heat could she stay angry at him
anger,Connahs Quay were angry over Halkyn s decision to call off their match at Pant Newydd an hour before the scheduled start
anger,Rachel could see the reasoning behind that but nevertheless felt angry towards Damian Flint not because he had so obviously done the right thing but because he was so clearly in complete control of a situation that had always been beyond Rachel
anger,When Tony s father was interviewed he said he felt angry with Tony for having taken the tablets especially as his girl friend Pat had been with him when he found Tony unconscious
anger,However now he knew she was angry with him for leaving her for so long
anger,My father will be angry with me if you leave early
anger,Lissa hated the cold incisiveness of his tone and she was angry with herself for caring so much
anger,Angry at being separated from Jeanne Modigliani spent much of his time drinking in a windowless little bar where local artists met where he drank and ran up debts
anger,Christina blushed angry at being spoken to like a member of staff
anger,Town s fans are angry at losing the club s leading scorer
anger,Out of breath and furious to note that he was nt even panting she struggled to free herself then glared at him
anger,Many of the latecomers especially as the afternoon wore on were furious to find the doors locked not having heard of the noon closure and so thinking they had all day
anger,And she was furious that Mr Clarke did not break the news to her before holding a Press conference
anger,ICC chairman Sir Colin Cowdrey left is clearly furious that every time he has been ready to make a statement about the Texaco Trophy events of August 23 Pakistan s lawyers have threatened writs
anger,A spokesperson said Glen is furious that the new Anarchy promo features footage of Sid Vicious as well as himself
anger,She is furious that he has married beneath him but appalled when her vicious attack on him threatens to end their relationship for ever
anger,Peter says The Poles were furious that we wanted to show prostitutes in their hotel bar claiming they never had them
anger,They were furious Mr Reynolds had accused their leader Des OMalley of being dishonest
anger,Mayor s chaplain Tony Rees was furious he had nt been refunded a 187 overpayment
anger,He refused to be roused by her anger suspecting she was furious he d turned down her invitation to stay
anger,Apparently I was furious I had not been consulted
anger,Not only was he going to be absolutely furious about her being in this police station but she dreaded having to tell her cousin about it too
anger,On another occasion he had been struck once by another man at work and we were furious at him for not returning the blow
anger,Behind the scenes British diplomats in Seoul Korea were furious at the way last night s meeting was handled
anger,She is furious at the betrayal and supporters of the sacked prime minister Nawaz Sharif have resorted to fisticuffs
anger,But today the Oxford University Sports Director was furious at her exclusion
anger,Somerset are furious over suggestions that The Ghost who took 8 for 122 should be left out
anger,She was furious with me
anger,At the hostel they were furious with us for bringing the police they just wanted us out literally and we were out
anger,He was furious with me for ringing him
anger,Furuseth was furious with himself
anger,US banks which also lost heavily were furious with the Bundesbank for refusing to compensate them
anger,Conner is still furious about losing Tuesday s protest
anger,She would be doubly furious at having been deceived in exactly the same way by two successive men
anger,The king was furious at being tricked again and by nothing more than a pair of animals at that
anger,He was incensed stunned at her action and stood rigid with anger as he felt the slime roll down his cheek
anger,A gang of local ruffians was passing by and when they saw what was happening became infuriated against Richard Baxter
anger,I go along and watch women s football and get really infuriated to see a man out there refereeing the game and often in a very condescending manner
anger,The sources said he is infuriated with her after a row that erupted last week and is likely to distance himself from her
anger,I was suddenly infuriated at the thought of what we had believed about the Germans in England
anger,I was even more infuriated to read that their short separation was a tragedy
anger,And while she sounded sympathetic she was in reality infuriated with Doreen
anger,His teachers were suspicious of his popularity annoyed by his lack of interest in academic work and infuriated that he could still achieve high marks in examinations
anger,I am spellbound by the sound of French infuriated when I ca nt read it in the books I am given
anger,Then you can do so today at the barbecue Lucy hissed suddenly infuriated with them both although more so with Silas than with Doreen
anger,I m infuriated with myself he gritted from behind clenched teeth his scowl deepening
anger,Mrs Rosenbloom nearly always found out about it and she would be mad that he had taken me from my work with the children
anger,They must be mad that they should expect such a delicate business as his preparation of Vologsky to be speeded up as though it was a crude operation on a factory bench
anger,Gazza was blazing mad that his training ground discussion had been misinterpreted as a bustup
anger,Jane my darling it s not because she s mad that I hate her
anger,In fact I expect he ll be mad I ve told you that much
anger,He gets mad when Gary does nt sleep he says it s my fault he says I make him do it and She stopped again
anger,I was so mad when your father tried to twist my arm
anger,I was mad about her being killed mad at whoever killed her
anger,Philip was mad at himself for not taking the cutters off the boy
anger,He says old Plumpton gets mad at them
anger,He must be pretty mad at her for not being at home when they arrived
anger,You ve got every right to be mad at me Mike
anger,And I m mad at you you ve no ambition
anger,The other day he slapped Liam across the face and got mad at me when I complained
anger,She was still mad at Lucy for something and Lucy was sure that a little time and concentration would tell her what but for the moment somehow the knowledge was just out of reach
anger,I thought perhaps you were still mad at me
anger,Because she still sounded mad at me and I thought you might try to dissuade me
anger,If my Mam got mad with me for something I d done or more often something I had nt done she used to make moaning noises and stagger about the house as if she was dying
anger,Jack was mad and even madder with the American scandal magazine the National Enquirer too although that was nothing new
anger,Last night Mr Smith said We are mad with this programme and especially with Barth
anger,Lucy knew she had to tell him something so she said She got mad with me when I admitted you d taken me for two bush walks
anger,Hywel was glaring mad at having to put a suit on
anger,Israel is also miffed by Kohl s plan to visit the walled Old City of east Jerusalem without Mayor Ehud Olmert
anger,One minister was miffed yesterday when he found his seat occupied by a journalist talking to a fellow cabinet member before the meeting began
anger,Ev ans was miffed at the comments and openly wondered why Bennett did nt show some respect
anger,The staunchly promonarchist Daily Telegraph said BBC chairman Marmaduke Hussey whose wife is a ladyinwaiting to Queen Elizabeth II is miffed that no one told him about the interview
anger,Prosecutors were clearly miffed that several businessman changed the statements they had given during investigation of the case
anger,Indonesian officials were somewhat miffed Friday when the mayor of Hanover Herbert Schmalstieg took the occasion of welcoming Suharto to lecture him about human rights violations in Indonesia
anger,The descendants of Sir Isaac Newton are miffed that former prime minister Maragaret Thatcher has included the 17th century discoverer of gravity on her personal coat of arms to represent learning
anger,Stock investors were not miffed by the frantic currency markets
anger,The rebel Serbs were miffed that Bildt planned no trip to their stronghold of Pale east of Sarajevo
anger,The rebels who want the government to recognize them as a legitimate force of change were miffed that the bill referred them in vague terms such as dissenting groups in Chiapas
anger,The Chinese president was said to be miffed when the administration refused his request for a state visit at the White House complete with starspangled welcoming ceremonies and a blacktie dinner
anger,HELSINKI Finland AP A Finnish orchestra on Friday completed recording a work by composer Jean Sibelius that vanished a century ago because he was miffed by criticism
anger,Walter Matthau and Jack Lemmon get miffed because her establishment will replace two of their favorite hangouts
anger,Mexico too was miffed because the Telmex telephone company can not gain entry to the American marketplace
anger,ONeal seemed miffed by the whole affair
anger,He also was miffed that World Tour organizers did not contact enough players before going public
anger,Clearly miffed at the failure of their resolution the Communists opened an attack Thursday on another front threatening to torpedo the 1997 budget by refusing to take part in the final vote Friday
anger,LAUSANNE Switzerland The IOC is miffed that baseball has nt opened the sport to professionals for the Olympics
anger,Some people simply were miffed by the red tape in applying for victim identification cards to qualify for the 100000 yen
anger,Brazil for example was miffed that the summit was nt scheduled for a date after inauguration of its new president next month
anger,Diehard fans might be miffed at some of what s left out but it s tough to argue against any of the songs included
anger,The Washingtonbased report said the queen was miffed that Clinton had missed the recent VE Day commemorations
anger,The Direktor felt not for the first time deeply resentful of the fact that they had any part in choosing the programme
anger,Strangely she felt more resentful of this lady s peremptory commands than she ever had of those of the merchants wives she had previously been obliged to swallow
anger,The newcomers feel coldshouldered by the local population on occasions and become resentful of their almost tribal clannishness
anger,The men got resentful of the women working all hours in the coop
anger,She disliked the intimacy he showed towards some of them was resentful of the memories they shared of which she was not a part and felt excluded
anger,Gloom and despondency hung over the royal party and Anne was more than a little resentful of having been required to join them in sanctuary
anger,Germans were resentful of France s postwar attempts to keep them under close control and it could not automatically be expected that they would agree to join European institutions
anger,In the 1940s wives were still bitterly resentful of the fact that their husbands did not seem to realise that they needed leisure
anger,They must have been amazed and resentful that Pyke wanted to listen to me of all people someone who was barely an actor
anger,I do nt feel resentful that God has decided to take me before my allotted span
anger,Many of the youngsters feel resentful that society is kicking them out
anger,The Germans themselves reported William Shirer seemed glum and resentful at the prospect of war
anger,He made a good living and seemed resentful of his wife s decision to take in a lodger
anger,Gina glared across the table at him uncomfortably aware that he was the source of her unreasonable impatience and resentful of the effect his presence was having on her
anger,She seemed nervous at first then almost resentful of the older woman s presence
anger,The British however remained suspicious of American motives and resentful of their advice
anger,Informed by the queendowager of their decision resentful at being refused permission to return home Anne made her displeasure plain
anger,Leonora lay rigid in his arms resentful of being carried about like a bundle of laundry
anger,I tried to show pleasure at their decision and at the same time annoyance that our contract simply would nt permit it
anger,That comes after growing Irish annoyance at the continued failure of the British to ensure that the RUC accompanies the UDR on all its operations
anger,She spoke quietly in Greek to the boy soothing his annoyance at the turning off of the video
anger,Ronni got in feeling a welcome dart of annoyance at the way he had issued that curt command
anger,But her annoyance over the pictures could not distract Catherine from her latest and biggest ambition
anger,Serena is torn between her sisterly love and her annoyance with Stella s aggressive insecurity
anger,THE Banishing Gripes campaign highlighted the public s annoyance with British Gas for the inconvenience caused by digging up roads
anger,But despite his annoyance at being seeded No2 to Baddeley even though he is the present No1 he declined to labour the point afterwards
anger,My annoyance at missing the fish turns to relief when I realise I am not snagged in the roots
anger,Suppressing her annoyance at being called Little Sara she replied that all was well
anger,The Profit Share Scheme was reduced in 1992 but many members have expressed great annoyance that another scheme within the Bank netted two former members of the staff in Britain almost 218000 between them
anger,Although this is hardly the headhunter s fault the candidate will naturally feel annoyance or even anger that his or her expectations have been raised and then dashed often without much explanation
anger,By this time Mattie was feeling irked not by Urquhart but by ONeill
anger,Berthon was livid at one of his cars being butchered but had to acknowledge that it handled better
anger,One farmer was livid that he could not go into his local National Park and chop wood for his barbecue
anger,Livid with rage he grabs their cameras and rips the film from them tearing it to shreds and throwing it in the fire
anger,Pa would ve been livid with me for getting pregnant and he would nt want his precious fiddle going to pay for anything to do with it
anger,Noone could have told from his face that he was absolutely livid with Sukey but he did nt want a row which would upset Daisy and gee Perdita up before the interview
anger,Mr Brown was livid at the way 1 billion in precious foreign reserves was poured down the drain during the sterling fiasco a fortnight ago
anger,The Sheffield Wednesday striker was livid at finding himself back on the bench just 28 minutes after being sent on as a secondhalf substitute at Norwich on Saturday
anger,A stranger to the district coming over a brow of the hill would have stopped astonished and perhaps a little peeved to see Ploughman s Lane lying beneath him
anger,Morrissey was obviously peeved at The Smiths continued existence as a relatively small cottage industry
anger,I dare say a few prize juries might be peeved at having their judgment queried too
anger,She thought she had given him a very tricky word one that he would nt yet have learned and she was peeved that he had succeeded
anger,They re also pretty peeved at what they see as the Ministry of Agriculture s failure to represent their interests adequately in Brussels
anger,Why sighed Petrova a little peeved that her deductions were now proving wide of the mark
anger,I was peeved to see Robert KilroySilk credited with inventing the egg trick in a recent colour supp profile
anger,I think your friend Billy and his fellow commandos were a bit peeved to find themselves here after the horse had bolted so to speak
anger,In fact now you come to mention it I m a little bit peeved with her
anger,She was cross at the way he had treated her as though she were nt a normal girl some kind of freak
anger,Both her mother and Lisa had been cross with her they both had felt she ought to settle down
anger,They were cross with each other because of him and now Nanny was saying bad things about Smallfry that would make Buddie very very angry
anger,And then unable to be cross with him for long you shift your feelings over to the critic
anger,He said he was cross with you because you keep calling him Mr Vass
anger,Her father was cross with her if not downright angry and she felt like weeping inside
anger,Do nt be cross with Jenny James said almost reading her mind
anger,If she did nt know him better she would have said he was cross with her
anger,Perversely she was cross with him for having survived when she had spent the weekend fretting
anger,She said Do nt be cross with them
anger,Except when he gets cross with us sometimes
anger,I think he was in a hurry and was cross about being stopped said an eyewitness
anger,He is cross at having to come here when his time with Enid is so short
anger,Having already paid for my return ticket I was cross at having to buy another one and even more upset at having to pay extra for the oneway ticket and convert sterling at an unfavourable rate
anger,Darling Bob do nt be cross if I have nt got it right but is it one of your beloved American writers
anger,The members of the branch were indignant that the government should have planted two spies among them
anger,I began to dislike her she looked sly and I felt indignant that she d spoken to me like that
anger,He deserves a proper thrashing Cissie protested fiercely indignant that she had been unable to defend herself while her cowardly brother took delight in whipping her
anger,Thora is a strong supporter of Help The Aged and highly indignant that older people are often treated differently the moment they become pensioners
anger,Jess felt faintly indignant at the remark
anger,I felt indignant at this casual assumption
anger,At first Anne felt indignant with Joe but when she thought it over realised the good sense of his warning
anger,The waitress returns now indignant with her boss for his boughtandpaidfor apathy
anger,By now the priest was becoming exasperated with the child who in turn was becoming ever more stubborn by the minute
anger,There was a woman who wanted me to call her mother and then called me awkward exasperated and frightened with the dreams and the screams
anger,There is exasperation that it is taking so long
anger,Mr Patten however is engaged in more than simply relieving his own exasperation at Beijing s procrastination
anger,In recent months a growing number of federal judges and lawyers have voiced their exasperation with America s approach to drugs
anger,It was a mixture of amusement and exasperation with her friend with worry added
anger,Richard Nixon repeatedly expressed his exasperation at having to work with an unresponsive bureaucracy
anger,And as the aspirations of the various professions of students of the third element rose so did their exasperation at continuing official inefficiency corruption and oppression
fear,But Downing Street mandarins grew so alarmed at reports of a snub yesterday that the text of private diplomatic traffic a telex sent by Mr Clinton on Saturday was made public
fear,Not unexpectedly the residents of Chiswick became alarmed at the prospect but the acquisition proceeded of the properties on the proposed route
fear,Franco became very alarmed at this and told him to put his money away immediately
fear,But Hartington soon became alarmed at the plans to give increased powers to what he termed fanatical local authorities and he wrote to Rosebery asking him to withdraw support for the measures
fear,The veterans have become increasingly alarmed at the incidence of illness especially cancers amongst the 20000 who were present at the tests
fear,Since the war the CIA has been very alarmed at some of the leftwing British governments many of whose politicians it regards as friends of Moscow
fear,As a gentleman of considerable physique Guttersnipe is naturally alarmed at such prejudice against the nutritionally challenged
fear,Strachan was alarmed at the way the German defence manhandled the 33yearold frontrunner and got away with it
fear,Small children of two or three tend to be alarmed at a bananaskin fall not amused yet
fear,Sonny alarmed at the deathly pallor of his halfsister s face had jumped into the trap and had driven furiously to the village for the doctor
fear,Both sisters looked alarmed at the thought of possible further deterioration
fear,In reality they may have been more anxious and worried than they showed
fear,He is so anxious about being accepted that he is trying to be extra good and even perfect
fear,However I am not now so anxious about my sister being left with Seor Mitchell
fear,And you feel anxious about getting the first lot of seeds sown out of doors
fear,George felt anxious that he had had no opportunity to be alone with Tamar and so there had been no chance of warning her about the groom
fear,The next morning I awoke anxious over what had happened
fear,She was distressed and anxious at being separated from her friends and rapidly developed colic
fear,Many people are deeply concerned about the neglect of crofting land
fear,Mr Hamilton said I am deeply concerned at what you have told me and I shall ask for immediate steps to be taken for normal decencies to be observed
fear,Kagan was deeply concerned that his access to the child was limited
fear,The president was more concerned about the loss of jobs
fear,People are becoming more and more concerned about the healthiness of their diet and way of life
fear,To be honest I m more concerned about getting a good night s sleep says a pregnant woman who s working fulltime at a demanding job
fear,Most were more concerned with the courts being too lenient
fear,We re particularly concerned about the increase in incidents involving youngsters of 11 and 12 especially girls said founder Regina Dollar
fear,I m gratified to find you so concerned for my welfare Li Yuan
fear,Relatives too seem concerned about lack of communication and the unavailability of the nurses
fear,They do care about others and are concerned about their country s future
fear,He was concerned that to include the large Asian countries in such a scheme would introduce problems that the small nations could find difficult to resolve
fear,These problems can vary in intensity from parents concerned about how to wean to parents neglecting and underfeeding their children
fear,He was concerned that parents would want to see their children doing real maths and advised injecting investigations into the existing syllabus instead
fear,That is encouraging yet we are concerned that people are still getting fatter
fear,We are very concerned to learn of any shortfall in standards and this is why we want to hear from you if you encounter any problems
fear,Noone seemed concerned that the museums the temples of culture and art were subjected to such indignities
fear,I was a little concerned that you put so much emphasis on return to work
fear,He was concerned that the room must be left just as Durance would have wished
fear,Mr Carruthers said that the vast majority of evidence was over but acknowledged he was concerned that Mr McTear would not be able to conclude his testimony
fear,He s concerned what will happen to me
fear,In 1986 the local authority became concerned about injuries which D had sustained and they obtained a place of safety order
fear,How could she be concerned about the choice of jam
fear,I am concerned about my sevenyearold son
fear,Because they re concerned about America s oil dependence senior government officials have come to rub shoulders with the advocates of conservation and alternative power sources
fear,A third group of backbenchers is concerned at crossmedia ownership in the new channels under the bill
fear,The Training SubCommittee is extremely concerned at the amount of pressure Trainers are under and feel there is an urgent need for a group of people to begin training now
fear,David is concerned at the length of time he says it took for an ambulance to arrive
fear,John s father came down from Cheltenham to see her grieving and concerned for her future
fear,A son should be concerned for his father s health
fear,Are you telling me you were concerned for my soul she mocked
fear,Police became increasingly concerned for their prisoner s health over the weekend
fear,Concerned as to whether he was adequately looking after himself but especially concerned as to his future as a writer
fear,In the aftermath of the war the government was said to be concerned over Turkey s increasingly prominent international role
fear,The note said Imro was concerned there might be similar undetected shenanigans in other occupational pension schemes
fear,She felt disquieted at the lack of interest the girl had shown anything might happen in this sort of house she told herself indignantly
fear,Disquiet at the new direction of religious affairs soon surfaced in parliament and over the next few years a growing number of MPs began to speak out against the Arminian threat
fear,There is indeed much disquiet at any delay in immediate fulfilment
fear,People in the popular movement had a different kind of disquiet with the leadership of the PLO
fear,Some economists feel deep disquiet at the use of food grains to produce motor spirit
fear,I m so frightened the feeling will go away it s too fragile and I do so want it not to break
fear,The RSPCA says they will now try different tactics attempting to gain the animals trust so they re not so frightened of people
fear,So we moved to Haddenham for peace and quiet but now it starts here and we re very frightened we shall be driven away from here because you ca nt live with that noise
fear,That s why I m not frightened of your report
fear,Our most of our rules and most of our laws are made by people who are frightened of losing their property and not the sort of people who are frightened of being mugged at night
fear,You re frightened to go to sleep
fear,As Antoinette grew weaker and left her bed hardly at all she became frightened to be left alone
fear,And I m frightened that if I go down to the cellars I might die
fear,You re not just frightened for Lucy
fear,I m frightened for him
fear,Then we killed her and I felt frightened of her
fear,Feeling a little frightened of the dead body behind him in the cart and depressed by the autumn fog he stopped for some beer at a pub where he met Jan Coggan and Laban Tall
fear,I am horrified that somebody would do such a thing
fear,She stopped horrified at what she had been about to say
fear,The Repton boy s horror at Churchill s antiBolshevist campaign had turned into a more adult and less ferocious criticism
fear,As the war dragged on Modigliani s horror at the waste of life increased
fear,To me that puts us in a difficult position when trying Germans whose crime was obeying their superiors orders whatever our horror at what those orders led to
fear,Emmeline grew pale both from horror at Bastide s plight and her own
fear,Thus the dialogue and its frame emphasize the bond between the two of them and thereby further underline the horror of the sacrifice of which they speak
fear,For Williamson only soldiers who had fought in the war and who understood the horrors of modern conflict could save Europe from further disaster
fear,Nothing could wash away the beastliness of that house or the horror of the sight of Phyllis Henley s body but he felt the need to try
fear,I am interested in hearing from women about their fascination and horror with cars especially women in the Yorkshire region
fear,Horror by gunfire differs little from horror inflicted by the guillotine sword or wheel it seems and sheer bestiality lurks only fractionally below the veneer of socalled civilized societies
fear,Both are designed to convince the readership of the horror of the subjectmatter
fear,It was as if Gillray s avaricious monarch was more of an affront than the voluptuary suffering from the horrors of dissipation
fear,Alison had shown enough respectable horror on discovering that he was married to prove she was a nice girl
fear,Imagine my horror at seeing her step out followed by a man
fear,You can imagine our horror at finding a false ceiling in a secure establishment and ducts like this
fear,To see him fumbling with our rich and delicate language is to experience all the horror of seeing a Svres vase in the hands of a chimpanzee
fear,Stanley Spencer had been through the war he had experienced the horror the vulgarity of war
fear,France expressed horror at the assassination and appealed for unity to assure peace in the country it once ruled
fear,The Government have expressed their horror at such attacks on the police but they also need to act
fear,Then she felt horror and pity at seeing Marcus so confused and so evidently useless
fear,Under danger in the dark one feels a kind of particular horror at finding oneself alone
fear,I am an extremely lazy cook and nervous of long recipes complicated sauces or anything risky such as a souffl
fear,If you are really nervous of being out and about invest in a personal alarm which you should carry in your hand at all times
fear,There is too much busyness in schools staff need dream time too and also the security to try out ideas without becoming nervous about making mistakes or being afraid of failing
fear,Some individuals become excessively nervous about visiting the vet for example and it is a good idea to begin visits early in the dog s life
fear,Agony I had no time to feel nervous about facing Steve Bull and Andy Mutch
fear,She was nervous of all Men and preferred to be with the women of the Court
fear,A king not universally popular who owed his throne to assassination must have been sensitive on such an issue and maybe sometimes nervous of joining large assemblies of armed men
fear,But they are also nervous that the calculations they make in the next two weeks may determine who will win and lose the political battles of the next two years
fear,She was nervous that he might change his mind at the last minute but he did not do so
fear,Why people nervous that their little town was being made into a prime nuclear target should be less nervous for getting a closer look at the because of their fears is a question not easily answered
fear,How nervous the teacher feels about using this teaching unit
fear,Her brightness was forced and she was clearly nervous at what might be about to happen
fear,His landlady was nervous of strangers and called through the door I m sorry Mr Ramsey is out
fear,Rescued dogs are often somewhat nervous of people and yet may also become excited to see you when you have been out for example
fear,She was not nervous of Martin Bean
fear,Libel lawyers are nervous of the word lie because it implies that a person said something which he knew was untrue
fear,Nervous for MehLindi s safety
fear,Meera was a little nervous about having her hair coloured so Chris used the nonpermanent Colour Touch
fear,Good if you are nervous about making a permanent change
fear,It s actually made me quite nervous about being in London
fear,The only time I have ever been bitten was when running with a partner who was petrified of dogs
fear,Bob Halton not guilty enough but confused by his mother s spoiling and manipulative efforts to keep him for herself is petrified of being taken over completely
fear,Money is my motivation but what keeps me at the top is that I m petrified of losing
fear,The Americans were petrified of Communism and believed Communists were aiming for world domination via the domino effect of one country after another falling to it
fear,I was petrified of having the same thing as my mother did
fear,He was petrified of the clippers at first
fear,He was still more worried about the extensive rewriting of history that school textbooks had been subjected to something of which most of us remained unaware until after the Second World War
fear,Children at Wanborough primary school near Swindon are so worried about the hazards they experience on the way to school they re calling for a new footpath
fear,ALAN Hickman from Derbyshire became worried about the advice he was receiving over his pension transfer when he realised that each expert he consulted recommended a different course of action
fear,The price was recognised as much too low and many insurers became worried at the apparent undervaluation of their organisations
fear,Harry was a little worried to see the water supply diminishing so rapidly but was pleased that Lucy was enjoying herself
fear,Our relationship does seem to be improving but obviously I m worried that we now seem to be paying 50 more than we expected
fear,South Africa must be worried how easily we did get through and close to their line because they know that Will Carling and Jeremy Guscott are amongst the quickest in the world
fear,Richmond councillors are worried about plans to turn the old cinema on the Ryders WyndQueens Road junction into a DIY shop
fear,He felt a bit worried at this and started to question her
fear,Chatterton did not sound unduly worried at that prospect
fear,She was also worried about having to manage the farm by herself again
fear,It could well become agitated at the dispersal of the pigeons turn its head towards the lights and bark heatedly at the roadworkers
fear,On the Left there was some dismay that the reforms were not more dramatic and especially that wealth was not redistributed more equally
fear,Tom Shakeshaft who is 15 reveals his dismay at plans to drive a dual carriageway right through the beautiful piece of countryside where he lives
fear,I had always assumed that this sort of civilized dismay at barbarism was the monopoly of our because
fear,My own dismay at the way those kids were savaging the flora of Stonethwaite is a good example
fear,She nearly gasped with dismay at the shock that shivered down into her tummy
fear,We huddle beneath the covers but to our dismay the one duvet is but a slim pink layer of fabric resembling a furniture cover
fear,Anybody who swears allegiance to United must share the same sense of dismay at what has happened and what is still going on for me it s almost a sense of revulsion
fear,Many supporters of Dr McNab exchanged glances of dismay at the words they had just heard
fear,Since the war began Soviet military commentators including senior serving officers have been expressing dismay at seeing Iraq s army most of whose tanks and aircraft they supplied pounded so relentlessly and effectively
fear,Her face must have registered dismay at having to tell Peter what had happened for he gave a narrow smile
fear,Bishop Gray was very quick to speak out and express his dismay and extreme disappointment at the announcement of Cammell Laird s closure
fear,The court expressed dismay that Wiltshire Social Services had called in a voluntary agency the NSPCC to help look after him
fear,But he was dismayed in the circumstances to see Gabriel ride off the moor and up the street in the company of a young monk
fear,As a food and store safety officer I felt dismayed and frustrated to see in the Journal members of staff wearing inappropriate jewellery and in high risk areas all hair not kept within hats
