tweet_text,sentiment,sentiment_score,tweet_text_tmp
Kids are way too loud and messy Just left somebody house and they kid trashed they shit and we wa there yesterday and it wa clean,disgust,2.046,left kid trashed shit wa 
Im mad a shit I am not get what I want,disgust,1.3039999999999998,get want 
you mad a shit with all them cap boy facewithtearsofjoy goodbye faceblowingakiss faceblowingakiss,disgust,1.4209999999999998,mad 
fire hundredpoints smilingfacewithsunglasses my bad I been Mia lately but I miss you lil ugly faceblowingakiss,disgust,1.039,miss lil 
Females am not shit to me if their personality are trash,disgust,1.476,
Females am not shit to me if their personality are trash,disgust,1.476,
Walk up in this bitch Fuck shit up then I leave hoe,disgust,1.4680000000000002,walk fuck leave 
you not lying at all smh,disgust,0.976,lying 
I like American horror story shit just be having me confused lmao facewithtearsofjoy,disgust,1.476,like having 
your sub are all from the clan u didnt half to grind for shit u just one of them kid who hate,disgust,1.515,half grind hate 
Thats why I stopped gw from now on every lobby I get in is a mute and blocking who ever talk shit not for the childish hate anymore,disgust,1.515,stopped get talk 
exactly just cuz people got hella bread they gotta give it away I get so mad at that shit,disgust,1.3039999999999998,got got give get 
I hate that cant ask a woman her age shit facewithtearsofjoy,disgust,1.515,hate ask 
We live in a world where they try to define beauty amp doing so it wa made horrible ugly,disgust,1.3039999999999998,live try define doing made 
been talking shit about her for being sick for the past few week amp bragging on my tough as immune systemIm now sick,disgust,1.3980000000000001,talking bragging 
worthless piece of shit,disgust,1.3279999999999998,
I just sneezed and my cat is looking at me with disgust Excuse me facewithtearsofjoy facewithtearsofjoy,disgust,1.031,sneezed looking excuse 
Do not cut me off driving to impress the ugly bitch in UR backseat bud,disgust,1.296,cut driving impress 
Im mad a shit neutralface,disgust,1.3039999999999998,
they stealing diaper loudlycryingface loudlycryingface loudlycryingface,disgust,1.179,stealing 
she mad a shit amp i couldnt care le facewithtearsofjoy facewithtearsofjoy im geekin,disgust,1.3039999999999998,mad care 
The amount of trash I pick up and throw away everywhere I go is ridiculous,disgust,1.008,pick throw go 
Yall be finding the most ignorant shit funnysays a lot about yall character,disgust,1.226,finding 
THIS FACE RITE HERE MAKES ME HAPPY EVEN WHEN SHE THINKS IM NOT HAPPY IM A JEALOUS FOOL SOMETIMES…,disgust,1.0,makes thinks im 
Sex metal Barbie whore attention fiend,disgust,1.344,
I understand what You saying fam But one bad apple spoil the bunch,disgust,1.008,understand saying spoil 
I can be such an asshole sometimes disappointedface,disgust,1.1640000000000001,
I call it a wasted nap,disgust,1.14,call wasted 
hate pig yo pigface crossmark,disgust,1.234,hate 
Just bring in the military and blow all their disgusting ass up Fucking pathetic,disgust,1.18,bring blow fucking 
And I swear one of those idiot mess with my brother Ill go down there and run them all over try me,disgust,0.976,swear go run try 
Finally read about greg hardy case and holy shit how is he still in the NFL and not in jail,disgust,0.945,read 
Some girl blow my mind when it come to watching sport Now I know why guy get mad because the stupid shit that come out their mouth,disgust,1.39,blow come watching know get come 
I know these fucker ass am not clean from the dinky 12 ply toilet paper Nasty as,disgust,1.297,know 
Something about this girl scream West Virginia incest,disgust,1.352,scream 
Why do straight boy always tell me fuck you Like take me to Olive Garden first or some shit,disgust,0.937,tell fuck take 
I am so tired of opening up twitter and seeing nasty sexually explicit image posted by youngster Its disgusting,disgust,1.406,opening seeing posted 
You know someone is a racist when they say Im not racist but Or Im not racist I hate everyone shut up you idiot,disgust,1.187,know say hate shut 
Its crazy how some of the trashy people in Baltimore County are trying to talk shit on the protestors in the city,disgust,1.4680000000000002,trying talk 
I hate feeling like shit all the time,disgust,1.656,hate feeling 
I hate that shit unamusedface but facewithoutmouth,disgust,1.515,hate 
you were talking shit about me whole time we were cool maddi ratted you out facewithtearsofjoy hence the reason why I showed bev them message,disgust,1.4529999999999998,talking ratted showed bev 
But Dundalk Really Eastpoint Really I wish I had my emojis right now im mad a shit lol,disgust,1.3039999999999998,wish had 
Bitches be like All yall nigga the same shit who told u 2 tryem All,disgust,1.4680000000000002,nigga told 
She done fck so many of my homies I could neva love her Shit is ugly,disgust,1.4680000000000002,done love 
Inconsiderate asshole raisedhand,disgust,1.148,
people threw shit at my grandma car while she wa in Wendys how fucking disrespectful can people be,disgust,1.3039999999999998,threw wa fucking 
What a shame that Baltimore ha to have this kind of horrible coverage just brain dead looter,disgust,1.1949999999999998,ha have 
Good for you BruceJenner So proud of you Ignore the hateful bigot in the world because there plenty of better peopleBruceJennerABC,disgust,1.5619999999999998,ignore 
once you fuck a bitch raw sweatdroplets eggplant or ate her pussy catface tongue you have no business persongesturingNO throwing dirt on her name hundredpoints,disgust,1.148,fuck ate have persongesturing 
Big Sloppy is an assholeOs,disgust,1.398,
k Im lying,disgust,0.976,lying 
I wasnt lying but k,disgust,0.976,lying 
I agree the BCPD is garbage Fat out of shape uneducated officer litter the department Still not OK to vandalize,disgust,1.3359999999999999,agree vandalize 
It make me sick that someone would use a child to do this it disgusting,disgust,1.281,make use do 
I dare a girl to spit on anything of mine see if I dont have that shit handled right away,disgust,1.39,dare spit see have handled 
If you want to see how fucking ignorant some people were Saturday nightanything stick out This is disgusting,disgust,1.109,want see fucking stick 
Mother just called me she mad a shit she stuck downtown in traffic becuz of the protest flushedface,disgust,1.3039999999999998,called mad stuck flushed 
you tweeted me break the habit of wasting time,disgust,1.117,tweeted break wasting 
Some shit I find out make me feel like Ive been lied to forever facewithoutmouth,disgust,1.265,find make feel lied 
This is all an excuse for all of those people to run around throw shit amp act uncivilized for the camera They dont care about Freddy Gray,disgust,0.953,run care 
Peaceful protest actually mean robbery damaging property and throwing trash can with flame in them,disgust,1.602,mean damaging throwing 
Not even gon lie my mom would probably try to do that shit,disgust,1.265,lie try do 
Why is my mind in the gutter so damn early,disgust,0.961,
IGetMadWhen Im by someone that smell like armpit and funk neutralface facewithmedicalmask facewithmedicalmask facewithmedicalmask,disgust,0.929,smell 
IGetMadWhen someone try to put me on with someone ugly ogre skull,disgust,1.679,try put 
still cant comprehend why girl would want to display themselves a slut and whore like it make zero sense,disgust,1.469,comprehend want display make 
Id be mad a shit if I wa stuck in traffic downtown,disgust,1.3039999999999998,stuck 
like what fuckin trash youre about to be a grown adult into the damn world and you dont know what racism is are u ok,disgust,1.015,grown know 
she still wont take the blame for it either like youre gross,disgust,1.094,take 
tw slur just in case u wanted to see the trash,disgust,1.2029999999999998,wanted see 
Ok now I REALLY need to get on my shit a far a this diet cuz Ive lost weight but not a much a I want,disgust,1.2889999999999997,need get lost want 
I hate when one person in the house is sick because that mean everyone else will get it wearyface,disgust,1.273,hate mean get 
it not funny facewithtearsofjoy facewithtearsofjoy skull i be mad a shit,disgust,1.3039999999999998,
Wasted a year of my life being angry lol that shit is not worth it in any form,disgust,2.4290000000000003,wasted 
I understand you want to be safe but the shit youre saying out of your mouth make you look like idiot,disgust,1.3119999999999998,understand want saying make look 
Whats the point in lying when you know the truth will come out soon,disgust,0.976,lying know come 
spit tabaco out onto the ground yeh den black r only riotin to do illegal stuff vapes,disgust,1.0,spit do 
Yes how disgusting is it for black people have basic human right Gross That is literally what your tweet sound like,disgust,1.4220000000000002,have sound 
Closed Dirty Alley or Street request at 1423 Bonsal St Cleaned and removed debris close,disgust,1.157,closed cleaned removed 
That cig smell like shit,disgust,1.265,
I hate inmature gurls yoo shit ah turnoff unamusedface hundredpoints,disgust,1.515,hate 
fuck all that bum shit exclamationmark,disgust,1.242,fuck 
bitch am not shit amp they am not saying nothing catfacewithtearsofjoy catfacewithtearsofjoy,disgust,1.4680000000000002,saying 
i hate hypocrite expressionlessface hundredpoints,disgust,1.273,hate 
Virgo wouldnt waste their breath on hate If they dont like you then you dont exist to themBasically,disgust,1.39,waste like exist 
I DONT INSULT TRANS PPL TO THEIR FACES I JUST TALK SHIT ABOUT THEM ON TWITTER,disgust,1.213,insult talk 
she goin look me in my face n not say shit loudlycryingface BITCH you cut hundredpoints,disgust,1.4680000000000002,goin look say loudlycrying cut 
Opened Dirty Alley or Street request via iPhone at 302 Oldham St Unbagged trash in backyard,disgust,1.383,opened 
Closed Dirty Alley or Street request at 302 Oldham St Cleaned and removed debris close,disgust,1.157,closed cleaned removed 
Opened Dirty Alley or Street request via iPhone at 4626–4698 Gough St Trash dumped on corneralley,disgust,1.383,opened dumped 
I hate a sneaky nigga a lying nigga amp a nigga with no do right hundredpoints,disgust,1.671,hate amp 
that shit is sick facewithtearsofjoy,disgust,1.3980000000000001,
the shit female say out there mouth on Twitter unamusedface like bitch thats NOT cute,disgust,1.4680000000000002,say 
i cant mess with someone who friendly all the time unamusedface like bitch stop,disgust,1.132,mess friendly 
I really got a white head pimple on my leg loudlycryingface loudlycryingface loudlycryingface It look and feel so gross tiredface tiredface unamusedface unamusedface,disgust,1.36,got loudlycryingface look feel tiredface tiredface 
Really Bmore You violent protestors succeed in nothing but making yourselves look like complete ignorant aholes,disgust,1.117,succeed making look 
Closed Dirty Alley or Street request at 4401 E Fairmount Ave Cleaned and removed debris close,disgust,1.157,closed cleaned removed 
I keep seeing the same negative video and the peaceful one just keep rolling in that go to show that the bad shit is being hyped up,disgust,1.211,keep seeing keep rolling go show hyped 
NORTHWESTERN exclamationmark ️ exclamationmark ️ exclamationmark ️ exclamationmark ️ exclamationmark ️ is unorganized hundredpoints they need to get their shit together As Soon As Possible sleepyface bitch i tell you yu gotcha lettr,disgust,1.4680000000000002,need get tell 
I hate for people to waste my time unamusedface,disgust,1.39,hate waste 
Now everybody hate Baltimore Baltimore so dumb but wa with Ferguson when they wa setting shit on fire oh ok,disgust,1.515,hate setting 
Ill be glad when this school shit over,disgust,1.3119999999999998,shit 
Umm yall lying about the zoo right,disgust,0.976,lying 
I take zero pic I hate taking picture I be mad ugly facewithtearsofjoy,disgust,1.827,take hate taking 
umm Im already in they better not revoke my shit because Im from Baltimore,disgust,1.187,revoke 
I feel like youre lying to me lol,disgust,0.976,feel lying 
I feel like youre lying to me lol,disgust,0.976,feel lying 
when a bitch really subtweeting the shit out you in these smilingfacewithsmilingeyes smilingfacewithsmilingeyes smilingfacewithsmilingeyes tweet and you dont even no it wearyface smilingfacewithsmilingeyes smilingfacewithsmilingeyes smilingfacewithsmilingeyes smilingfacewithsmilingeyes smilingfacewithsmilingeyes smilingfacewithsmilingeyes smilingfacewithsmilingeyes smilingfacewithsmilingeyes smilingfacewithsmilingeyes smilingfacewithsmilingeyes smilingfacewithsmilingeyes smilingfacewithsmilingeyes smilingfacewithsmilingeyes smilingfacewithsmilingeyes smilingfacewithsmilingeyes smilingfacewithsmilingeyes smilingfacewithsmilingeyes smilingfacewithsmilingeyes smilingfacewithsmilingeyes smilingfacewithsmilingeyes smilingfacewithsmilingeyes smilingfacewithsmilingeyes smilingfacewithsmilingeyes smilingfacewithsmilingeyes smilingfacewithsmilingeyes smilingfacewithsmilingeyes smilingfacewithsmilingeyes smilingfacewithsmilingeyes,disgust,1.4680000000000002,subtweeting 
when a bitch mess with ya nigga but you like when do they see each other co you ALways with him smilingfacewithsmilingeyes smilingfacewithsmilingeyes smilingfacewithsmilingeyes smilingfacewithsmilingeyes smilingfacewithsmilingeyes smilingfacewithsmilingeyes smilingfacewithsmilingeyes smilingfacewithsmilingeyes smilingfacewithsmilingeyes smilingfacewithsmilingeyes smilingfacewithsmilingeyes smilingfacewithsmilingeyes smilingfacewithsmilingeyes smilingfacewithsmilingeyes smilingfacewithsmilingeyes smilingfacewithsmilingeyes smilingfacewithsmilingeyes smilingfacewithsmilingeyes smilingfacewithsmilingeyes smilingfacewithsmilingeyes smilingfacewithsmilingeyes smilingfacewithsmilingeyes smilingfacewithsmilingeyes smilingfacewithsmilingeyes smilingfacewithsmilingeyes smilingfacewithsmilingeyes smilingfacewithsmilingeyes smilingfacewithsmilingeyes,disgust,1.132,like see 
Noticed how some people lie on twitter to make themselves feel better Im just like Bitch y you lying facewithtearsofjoy,disgust,1.624,noticed lie make feel lying 
Chipotle make shitting pileofpoo at work twice a bad tiredface,disgust,1.211,make shitting 
When people think girl are gross dirty or dont take care of them self if they dont shave armpitslegsetc but it totally ok for guy Skeptical annoyed undecided uneasy or hesitant,disgust,1.719,think take shave 
Bitches am not shit neither am I,disgust,1.4680000000000002,
Opened Trash High Grass or Weeds request via Android at 4611 Arabia Ave Baltimore Need trash pickup garbage me,disgust,1.375,opened garbage 
Entertain them other bitch Im not with the Shits openhands mediumdarkskintone,disgust,1.4680000000000002,entertain 
Im sick of this Hawaii breeze shit,disgust,1.3980000000000001,
Youre stupid a shit if you think FREDDIE GRAY wa an innocent life,disgust,0.953,think 
Im Always Randomly Smelling Chinese Food facewithtearsofjoy facewithtearsofjoy,disgust,0.953,smelling 
Nappy headed whore still hating off Blue Get the fuck outta here,disgust,1.945,headed hating get 
Yes that wa dope That shit ha been under the radar for a minute One wa murdered in Baltimore Made the news for a day,disgust,1.659,dope murdered made 
Im so mad that I can smell this girl who sitting next to me She smell like butt I think her butt stank,disgust,0.929,smell sitting smell think 
The people making fun of this shit just ignorant If I see you making fun of this Im real live unfollowing you,disgust,1.226,making see making live unfollowing 
When my mother make me mad I just turn hella shit on smilingfacewithsmilingeyes smilingfacewithsmilingeyes smilingfacewithsmilingeyes smilingfacewithsmilingeyes smilingfacewithsmilingeyes smilingfacewithsmilingeyes smilingfacewithsmilingeyes smilingfacewithsmilingeyes smilingfacewithsmilingeyes smilingfacewithsmilingeyes smilingfacewithsmilingeyes smilingfacewithsmilingeyes smilingfacewithsmilingeyes smilingfacewithsmilingeyes smilingfacewithsmilingeyes smilingfacewithsmilingeyes smilingfacewithsmilingeyes smilingfacewithsmilingeyes smilingfacewithsmilingeyes smilingfacewithsmilingeyes smilingfacewithsmilingeyes smilingfacewithsmilingeyes smilingfacewithsmilingeyes smilingfacewithsmilingeyes smilingfacewithsmilingeyes be mad at that gas electric bill,disgust,1.4369999999999998,make turn 
you are a lying piece of shit douchebag The protestd in Baltimore were overwhelmingly peaceful but that doesnt fit yr narrative,disgust,1.7959999999999998,fit 
This shit is ridiculous Stealing is not protesting yall destroying our shit it not going to be no where for u to go smh,disgust,1.734,protesting destroying going go 
Closed Dirty Alley or Street request at 3401 Noble St Cleaned and removed debris close,disgust,1.157,closed cleaned removed 
This shit is the devil in a bottle,disgust,1.484,
lrt facewithtearsofjoy facewithtearsofjoy cough cough loudlycryingface skull lmao he a mess,disgust,0.953,
She wasnt playing facewithtearsofjoy facewithtearsofjoy they robbed the shit out of 7 eleven loudlycryingface skull,disgust,1.336,playing robbed 
Niggas be lying like shit to their man loudlycryingface skull telling them they get pussy but only fucked something twice sleepingface lil dick as tiredface thumbsdown,disgust,1.7959999999999998,lying telling get fucked sleepingface tiredface 
They fucked downtown up loudlycryingface real bad they wa throwing shit at people wearyface I felt bad,disgust,1.211,fucked throwing felt 
Closed Dirty Alley or Street request at 302 S Highland Ave Baltimore Cleaned and removed debris close,disgust,1.157,closed cleaned removed 
Closed Dirty Alley or Street request at 16 S Highland Ave Baltimore Cleaned and removed debris close,disgust,1.157,closed cleaned removed 
I grew up a cruel life without a dad When I grow older and have a kid of my own I wont let that shit happen to himher wontbecruddy,disgust,1.586,grew grow have let happen 
Closed Dirty Alley or Street request at 3302 E Lombard St Baltimore Cleaned and removed debris close,disgust,1.157,closed cleaned removed 
Opened Trash High Grass or Weeds request via iPhone at 3320 E Baltimore St Trashy tree pit,disgust,1.3430000000000002,opened 
I ask people weird shit Im nosey,disgust,1.086,ask 
I talk mad shit lol nobody popping me though,disgust,1.3039999999999998,talk popping 
Closed Dirty Alley or Street request at 3233 E Baltimore St Baltimore Cleaned and removed debris close,disgust,1.157,closed cleaned removed 
Opened Dirty Alley or Street request via iPhone at 32 N Clinton St Trash constantly now it open bag a piece,disgust,1.383,opened open 
Closed Dirty Alley or Street request at 3215 E Baltimore St Baltimore Cleaned and removed debris close,disgust,1.157,closed cleaned removed 
when people do me dirty it piss me tf off cu I know I wouldnt do that shit to them hundredpoints,disgust,1.547,do piss tf know do 
He said Bitch You A Bum loudlycryingface loudlycryingface loudlycryingface,disgust,1.07,said bitch 
Opened Dirty Alley or Street request via Android at 402 NE Ave Baltimore Trash ha been sitting on the side of th,disgust,1.383,opened sitting 
Closed Dirty Alley or Street request at 251 S Ellwood Ave Cleaned and removed debris close,disgust,1.157,closed cleaned removed 
Opened Dirty Alley or Street request via Android at 3107 E Fayette St Baltimore Dirty alley bulk trash dumped in,disgust,1.383,opened dumped 
Closed Dirty Alley or Street request at 3105 E Fayette St Cleaned and removed debris close,disgust,1.157,closed cleaned removed 
Closed Dirty Alley or Street request at 201 N Ellwood Ave Cleaned and removed debris close,disgust,1.157,closed cleaned removed 
Opened Dirty Alley or Street request via iPhone at 128 N Ellwood Ave Bulk trash and dirty alley,disgust,1.383,opened 
Opened Dirty Alley or Street request via iPhone at 3023–3099 E Fayette St Trash,disgust,1.383,opened 
Opened Trash High Grass or Weeds request via iPhone at 3040 E Monument St Dirty home 3040 monument,disgust,1.383,opened 
Closed Dirty Alley or Street request at 154 N Decker Ave Baltimore Cleaned and removed debris close,disgust,1.157,closed cleaned removed 
Opened Dirty Alley or Street request via iPhone at 163 N Potomac St Business constantly leaf trash in alley to,disgust,1.383,opened 
Closed Dirty Alley or Street request at 3008 E Fayette St Baltimore Cleaned and removed debris close,disgust,1.157,closed cleaned removed 
At time I get lonely then I remember the shit Ive been through in my past and I rather be lonely than experience that again,disgust,1.117,get remember 
Opened Trash High Grass or Weeds request via Android at 1224 N Potomac St Baltimore Trash debris and rat i ma,disgust,1.719,opened ma 
Closed Dirty Alley or Street request at 1 N Linwood Ave Baltimore Cleaned and removed debris close,disgust,1.157,closed cleaned removed 
Opened Dirty Alley or Street request via iPhone at 2906 E Baltimore St Bagged trash dumped after trash pickup,disgust,1.383,opened bagged dumped 
Closed Dirty Alley or Street request at 3898 S Linwood Ave Baltimore Cleaned and removed debris close,disgust,1.157,closed cleaned removed 
Closed Dirty Alley or Street request at 501–599 N Streeper St Cleaned and removed debris close,disgust,1.157,closed cleaned removed 
Opened Dirty Alley or Street request via iPhone at 500–598 N Streeper St Alleyway full of trash,disgust,1.383,opened 
Closed Dirty Alley or Street request at 500–598 N Streeper St Cleaned and removed debris close,disgust,1.157,closed cleaned removed 
Opened Dirty Alley or Street request via iPhone at 500–598 N Streeper St Trash,disgust,1.383,opened 
Opened Dirty Alley or Street request via iPhone at 543 N Kenwood Ave Bulk trash sofa and mattress in alley be,disgust,1.383,opened be 
Closed Dirty Alley or Street request at 543 N Kenwood Ave Cleaned and removed debris close,disgust,1.157,closed cleaned removed 
Honestly considering going to Arizona till all this shit is over bc it making my anxiety awful,disgust,1.382,considering going making 
Any coupon available right now I seem to always have a 20 off lying around until now of course when I need shoe Help,disgust,0.976,seem have lying need 
Last beer of the Stoop Sit What a difference a night make Proud of my city Dirty Bastard,disgust,1.297,sit make 
Closed Dirty Alley or Street request at 300398 N Lakewood Ave Baltimore Cleaned and removed debris close,disgust,1.157,closed cleaned removed 
Truth poutingface Bitches am not lying,disgust,1.624,poutingface lying 
Closed Dirty Alley or Street request at N3929 E7658 Cleaned and removed debris close,disgust,1.157,closed cleaned removed 
Closed Dirty Alley or Street request at 27 N Rose St Cleaned and removed debris close,disgust,1.157,closed cleaned removed 
She really trying me I think she really fucking with me oncomingfist like i wont dirt this bitch,disgust,1.148,trying think fucking dirt 
Fool me once shame on you fool me twice shame on me hundredpoints,disgust,1.0,fool fool 
These bitch am not shit,disgust,1.4680000000000002,
You know it bad when people want to return to Jersey Get your shit together Baltimore BaltimoreCity BaltimoreRiots,disgust,1.211,know want return get 
Yall scarred a shit watching the news facewithtearsofjoy loudlycryingface,disgust,1.281,scarred watching 
Bitches stealing pampers for the baby amp shit facewithtearsofjoy,disgust,2.03,stealing 
Opened Damaged Sidewalk request via iPhone at 2501 E Fairmount Ave Damaged step are unsightly and hazardous to p,disgust,1.032,opened damaged damaged 
Why is it always the ugly bitch that got so much too Say facewithtearsofjoy facewithtearsofjoy,disgust,1.296,got say 
I just do this shit to my self everytime disappointedface,disgust,1.148,do 
Closed Dirty Alley or Street request at 2531 E Hoffman St Baltimore Cleaned and removed debris close,disgust,1.157,closed cleaned removed 
Opened Trash High Grass or Weeds request via Android at 25002598 Grogan Ave Baltimore Trash and debris dumped,disgust,1.086,opened dumped 
Closed Dirty Alley or Street request at N3931 E7658 Cleaned and removed debris close,disgust,1.157,closed cleaned removed 
And no one give a shit about you nonvoting uneducated consumerist idiot who want to tear up your own home Go away,disgust,1.3119999999999998,give nonvoting want tear go 
Opened Dirty Alley or Street request via iPhone at 703 N Milton Ave Momument and milton trash is here on corner,disgust,1.383,opened 
Rioting is the language of the oppressed A bastardization of an MLK quote used to excuse shit like this,disgust,1.39,oppressed used excuse 
Spurs mite mess around and win in 5,disgust,1.0,mess win 
Opened Dirty Alley or Street request via iPhone at 518 N Port St Dumping of trash behind vacant house look in al,disgust,1.383,opened 
Bitches love adding there 2 cent in shit unamusedface,disgust,1.4680000000000002,love adding 
put my bitch on you chew you up like a piece of steak and spit you out facewithstuckouttongue,disgust,1.218,put chew spit 
is that a real iPhone number facewithtearsofjoy facewithtearsofjoy I just wasted so much time trying to ft it facewithtearsofjoy facewithtearsofjoy,disgust,1.14,wasted trying ft 
2 thing I hate is a LIAR nd a Bluff unamusedface openhands,disgust,1.234,hate 
Bitches be stretching the shit out them picture too have a butt lol,disgust,1.4680000000000002,stretching have 
Opened Dirty Alley or Street request via iPhone at 411 N Bradford St Trash,disgust,1.383,opened 
I am sick of people talking shit about my city,disgust,1.3980000000000001,talking 
not lying tho lol,disgust,0.976,lying 
A dirty fuckiing liar,disgust,1.266,
Shit wasnt better than I wa just too dumb to see how bad thing were from the beginning,disgust,1.211,see 
When Im sittin on the toilet drunk I just open my leg and puke in between,disgust,1.383,sittin open puke 
When Im sittin on the toilet drunk I just open my leg and puke in between,disgust,1.383,sittin open puke 
Nostalgia is a dirty liar,disgust,1.266,
SO OVER ALL THE WEIRD SHIT THATS BEEN HAPPENING 2 ME AND MY BODY,disgust,1.086,happening 
SO OVER ALL THE WEIRD SHIT THATS BEEN HAPPENING 2 ME AND MY BODY,disgust,1.086,happening 
Ill keep you my dirty little secret,disgust,1.219,keep 
Theres so many boy on tumblr Id date but theyre all in like New Zealand n shit,disgust,0.937,s 
Im so tired of getting message about the shit I did to Brandon amp how bad of a person I am for it,disgust,1.211,getting did 
Im so tired of getting message about the shit I did to Brandon amp how bad of a person I am for it,disgust,1.211,getting did 
Youve cheated on every girlfriend youve had with me since we met I feel awful,disgust,1.07,cheated had met feel 
dumb shit I answer the question they ask with dis dick Pretty much say stuff at 12 yo boy would,disgust,0.937,answer ask say 
Fuck now I feel bad for saying all that shit You didnt deserve that,disgust,1.211,fuck feel saying deserve 
No he never cheated on me but if you knew half the shit he did do to me itd make you sick,disgust,1.906,cheated knew do make 
No he never cheated on me but if you knew half the shit he did do to me itd make you sick,disgust,1.906,cheated knew do make 
think of most of the boy I let touch me vomit,disgust,0.929,think let touch vomit 
Ive always had a good sense of smell but it ridiculous right now Its so bad everything I smell make me get sick,disgust,1.766,had smell make get 
N I AINT WANNA HEAR SHIT ABOUT YO ENDOMETRIOSIS CAUSE I GOT THAT SHIT TOO SON N A BUM OVARY,disgust,1.242,wan hear got 
And Im not doing it in my house Im done doing weird pagan and witchcraft shit in my room My cat wont come in there at all,disgust,1.086,doing done doing come 
Closed Dirty Alley or Street request at 2201 Jefferson St Baltimore Cleaned and removed debris close,disgust,1.157,closed cleaned removed 
Closed Dirty Alley or Street request at N3930 E7659 Cleaned and removed debris close,disgust,1.157,closed cleaned removed 
Yall darkskin bitch needa to stop takin pic in the light tryna make it look like you brownskin bitch you BURNT GAY,disgust,1.179,needa stop try make look brownskin burnt 
I dont think that gay shit is right but i am not homophobic I also firmly believe thats between them amp God So to hate them is pretty wrong,disgust,1.515,think believe amp hate 
Closed Dirty Alley or Street request at N3930 E7659 Cleaned and removed debris close,disgust,1.157,closed cleaned removed 
Closed Dirty Alley or Street request at 2109 E Lamley St Cleaned and removed debris close,disgust,1.157,closed cleaned removed 
Closed Dirty Alley or Street request at 232 N Duncan St Baltimore Cleaned and removed debris close,disgust,1.157,closed cleaned removed 
Opened Trash High Grass or Weeds request via iPhone at 1627 Locust St Heavy trash can busted bag of dirt,disgust,1.156,opened busted 
cant ask that bitch to do shit for me confusedface,disgust,1.4680000000000002,ask do 
my bff peoplewithbunnyearspartying always letting these stupid bitch personpouting get to her head tiredface tiredface grinningfacewithsmilingeyes she need to ignore that shit doubleexclamationmark ️,disgust,1.4680000000000002,letting personpouting get tiredface tiredface need ignore 
Opened Dirty Alley or Street request via iPhone at 4112 Morrison Ct Bulk and trash,disgust,1.383,opened 
And if they wanted to they coulda been stopped this shit they didnt want to why So they can broadcast it amp make a fool out of u,disgust,1.281,wanted stopped want broadcast make 
Bitch shuuttttt uppppppppp Rey put this fat bitch on mute,disgust,1.265,put 
Bitch so ugly I can not respect no nigga thats gasing her up So bump down so ugly all in one time it terrible thumbsdown thumbsdown thumbsdown facewithmedicalmask facewithmedicalmask facewithmedicalmask,disgust,1.858,respect gasing bump 
lmaoo you wa stealing from the cv I saw u facewithtearsofjoy facewithtearsofjoy facewithtearsofjoy loudlycryingface loudlycryingface tf I look like lls u funny a shit,disgust,1.382,lmaoo stealing saw look 
Opened Dirty Alley or Street request via iPhone at 2001 E Baltimore St Household trash overflowing corner bin,disgust,1.383,opened overflowing 
Opened Trash High Grass or Weeds request via iPhone at 2–98 S Washington St Trash and debris,disgust,1.086,opened 
Ewww that shit look disgusting hope thats not her tf facewithmedicalmask facewithmedicalmask facewithmedicalmask facewithmedicalmask facewithmedicalmask facewithmedicalmask,disgust,1.5230000000000001,look 
Certain shit I know he dont do like nobody can ever tell me he cheating because the bond we have He would a already told me so persontippinghand,disgust,1.3279999999999998,know do tell cheating have told 
Opened Trash High Grass or Weeds request via iPhone at 30 S Washington St Trash amp debris,disgust,1.086,opened 
That cooder bitch hair greasy amp stale a shit in her avi ican not unamusedface just leave that alone facewithtearsofjoy facewithtearsofjoy facewithtearsofjoy facewithtearsofjoy,disgust,2.14,amp leave 
Opened Dirty Alley or Street request via iPhone at 1950 E Fayette St Large debris from traffic accident remains o,disgust,1.6729999999999998,opened remains 
Opened Trash High Grass or Weeds request via Android at 298 S Chapel St Baltimore Illegal dumpster,disgust,1.086,opened 
Opened Dirty Alley or Street request via Android at 298 S Chapel St Baltimore Illegal dumpster doe not belong o,disgust,1.157,opened belong 
Closed Dirty Alley or Street request at 298 S Chapel St Baltimore Cleaned and removed debris close,disgust,1.157,closed cleaned removed 
I luv My WOW Boy to death but he funny actin a shit,disgust,1.5930000000000002,luv 
Opened Trash High Grass or Weeds request via iPhone at 1901 E Fort Ave Csx property high grass unsightly,disgust,1.2969999999999997,opened 
Opened Dirty Alley or Street request via iPhone at 101 N Wolfe St Multiple bag of household trash not in bin op,disgust,1.383,opened 
Opened Dirty Alley or Street request via iPhone at 2700 The Alameda Trash bag and debris throughout side alley,disgust,1.8130000000000002,opened 
stripper bitch fat as smirkingface,disgust,1.265,
Yes thats fucked up Im mad a shit day day even went back unamusedface know Right hearnoevilmonkey,disgust,1.3039999999999998,fucked went know 
Pieces of shit white trash Islanders fan,disgust,1.476,
Closed Dirty Alley or Street request at 1729 Cliftview Ave Cleaned and removed debris close,disgust,1.157,closed cleaned removed 
Opened Trash High Grass or Weeds request via Android at 1636 Abbotston St Baltimore Trash and debris on lot,disgust,1.086,opened 
thats that city shit skull definitely intoxicated,disgust,1.4140000000000001,
Homeless people be knowing hella shit,disgust,1.258,knowing 
Closed Dirty Alley or Street request at 1703 Cliftview Ave Cleaned and removed debris close,disgust,1.157,closed cleaned removed 
Closed Dirty Alley or Street request at 1679 Cliftview Ave Cleaned and removed debris close,disgust,1.157,closed cleaned removed 
people always think im lying when i say that unamusedface,disgust,0.976,think lying say 
I really hate how the good shit black people do go unnoticed on the news,disgust,1.515,hate go 
I hate dat da whole World know ya name for da wrong reason cuz u got done dirty my nigga smh,disgust,1.422,hate know done 
Opened Dirty Alley or Street request via iPhone at 2901 Kirk Ave Television trash bag and trash can behind vaca,disgust,1.383,opened 
Closed Dirty Alley or Street request at 16131699 N Bethel St Baltimore Cleaned and removed debris close,disgust,1.157,closed cleaned removed 
I can understand Marching but dont fuck the City up Fucking up your own hood is like shitting where…,disgust,1.023,understand marching fuck fucking shitting 
why it take you so long to give a statement But they were kid Not thug and no remark on Freddie gray just look bad on you,disgust,1.118,take give look 
So many mixed feeling about this shit in my city,disgust,0.961,mixed 
I hate the news falsifying everything and fuck Gov Hogan for having the national guard on standby,disgust,1.101,hate falsifying fuck having 
Its sickening how do you smell like a bar this early ina day smh,disgust,1.187,smell 
let that shit rock doubleexclamationmark ️ people always gon TALK good or bad openhands Let em talk mane,disgust,1.211,let shit talk let talk 
Your hoe with me she lying lilnigga,disgust,0.976,lying lilnigga 
Just woke up sick a shit facewithmedicalmask,disgust,1.3980000000000001,woke 
Opened Dirty Alley or Street request via iPhone at 2510 Robb St Rear of 2510 robb street scattered trash and debr,disgust,1.383,opened scattered 
Opened Dirty Alley or Street request via Android at 18 N Eden St Baltimore Family dollar lot is full of trash,disgust,1.383,opened 
Closed Dirty Alley or Street request at 18 N Eden St Baltimore Debris on private property close,disgust,1.157,closed 
I gotta stay off Twitter until this shit is over Every other tweet make me mad lmao,disgust,1.3039999999999998,got stay make 
Shitting on all you hoe tonight my bitch she need some baby wipe smilingfacewithsunglasses,disgust,1.4680000000000002,shitting hoe need 
These are worst case scenario there favorable version of it too but whats the chance of some weird shit to not be a motive in most,disgust,1.086,
I tweet for the white bitch that think they only fuck with the good one no hood rat Oh you can just tell HOW bitch,disgust,1.484,tweet think fuck tell 
Closed Dirty Alley or Street request at N3936 E7660 Cleaned and removed debris close,disgust,1.157,closed cleaned removed 
ibegged a lil bit once but he wanted a fat hog and a baby sooo bad facewithtearsofjoy tried to save his young as,disgust,1.446,ibegged wanted tried save 
Criminal mind is really my shit clappinghands,disgust,1.383,
waited damn near a month for this dress amp the shit hideous neutralface,disgust,1.851,waited 
yo it hard a shit to memorize this shit Im trying loudlycryingface facewithtearsofjoy imma tell on you if you cheat,disgust,1.3279999999999998,memorize trying mma tell cheat 
When you tell ur roommate youll always have their back but you were lying,disgust,0.976,tell have lying 
Yea Ill have a cheesesteak double on the cheesegreaseWere only vegan organic hereSHit Team back out BACK OUT,disgust,1.3119999999999998,have 
mad a shit I couldnt turn up like I planned too neutralface where tf Lorenzo find that dj at,disgust,1.4369999999999998,turn planned find 
HALF OF YALL STEALING SHIT AND DONT EVEN NEED IT,disgust,1.382,need 
all yall dumb ass stealing and shit all yall on camera,disgust,1.382,stealing 
Opened Dirty Alley or Street request via Android at 801817 Curtain Ave Baltimore Trash debris bulk,disgust,1.8130000000000002,opened 
Opened Dirty Alley or Street request via iPhone at 4110 Audrey Ave Trash and debris,disgust,1.8130000000000002,opened 
Opened Dirty Alley or Street request via Android at 801817 Curtain Ave Baltimore Trash and debris bulk,disgust,1.8130000000000002,opened 
This shit always trip me out that shit should read EVERYBODY WASH UR FUCKIN DIRTY ASS HANDS,disgust,1.547,trip read wash 
Opened Trash High Grass or Weeds request via iPhone at 4120 Audrey Ave Yard full of trash and debris,disgust,1.086,opened 
Opened Dirty Alley or Street request via iPhone at Ajax Aly Multiple bag of trash in alley,disgust,1.383,opened 
Is there a filter that block Ignorant privileged asshole sitting 1000 mile away on a sofa,disgust,1.242,is block sitting 
Opened Trash High Grass or Weeds request via iPhone at 4146 Audrey Ave Bulk trash and debris,disgust,1.086,opened 
Opened Trash High Grass or Weeds request via Android at 813 Homestead St Baltimore Trash leaf and other debris,disgust,1.086,opened 
Opened Dirty Alley or Street request via iPhone at 712 McCabe Ave Trash in vacant house lot approximate to alhamb,disgust,1.383,opened 
I wa never in to horoscope like that but the shit on twitter be on the nose wit it i swear yo,disgust,1.0,horoscope wit swear 
Mad ghetto bird and protest in charmcity,disgust,1.093,protest 
Down bad I needa get back on my shit hundredpoints,disgust,1.211,get 
I am not no bum bitch yo facewithtearsofjoy facewithtearsofjoy facewithtearsofjoy so imma stop loudlycryingface,disgust,1.07,mma stop 
Opened Dirty Alley or Street request via iPhone at 530 Beaumont Ave Huge trash pile between beaumont and mccabe ave,disgust,1.383,opened 
bitch on my dick she know Im the shit,disgust,1.4680000000000002,know 
That bitch just piss me offdont call my shit you am not been calling,disgust,1.4680000000000002,piss call calling 
want chipotle bad a shit,disgust,1.211,want 
Thats it Im bad on my player shit,disgust,1.211,
Opened City Employee Complaint request via iPhone at 552 E 38th St Dpw let trash fall from garbage bag and they,disgust,1.375,opened let 
BITCH STOP FAVORITE YOUR SHIT OF MY PAGE exclamationmark,disgust,1.4680000000000002,stop 
only notice the bad shit unamusedface,disgust,1.211,notice 
Opened Dirty Alley or Street request via iPhone at 5026–5180 Ready Ave Large trash mattress multiple box amp,disgust,1.383,opened 
And sick a shit Sunday morning,disgust,1.3980000000000001,
People need to understand that these people arent trying to protest they just some ignorant as nigga who want to fuck shit up,disgust,1.226,need understand trying protest want fuck 
Opened Dirty Alley or Street request via iPhone at 513 Glenwood Ave Trash,disgust,1.383,opened 
Opened Dirty Alley or Street request via iPhone at 5501 York Rd Overflowing trash can,disgust,1.383,opened overflowing 
Closed Dirty Alley or Street request at 2304 Greenmount Ave Baltimore Cleaned and removed debris close,disgust,1.157,closed cleaned removed 
Closed Dirty Alley or Street request at 4718 York Rd Baltimore Cleaned and removed debris close,disgust,1.157,closed cleaned removed 
Dear girl of the 9th floor Im trying to watch scrub and I would appreciate it if I didnt have to hear your drunken scream Xoxo Keels,disgust,1.219,trying watch appreciate have hear 
I finally had the mango and sticky rice Its not bad Baltimore Farmers Market amp Bazaar,disgust,0.9540000000000001,had 
Closed Dirty Alley or Street request at N3932 E7661 Cleaned and removed debris close,disgust,1.157,closed cleaned removed 
Opened Dirty Alley or Street request via iPhone at 1444 William St Trash pile behind house go onto sumwalt ct to,disgust,1.383,opened go 
Opened Dirty Alley or Street request via iPhone at 1615–1699 Barclay St Illegal dumping,disgust,1.157,opened 
Opened Dirty Alley or Street request via Android at 408 E 25th St Baltimore Trash being placed here daily outside,disgust,1.383,opened placed 
Closed Dirty Alley or Street request at 408 E 25th St Baltimore Cleaned and removed debris close,disgust,1.157,closed cleaned removed 
This Exactly Why I Dont Do All That Catching Feelings Shit,disgust,0.961,do 
i think my mom went back to work but that pic on ig could be lying,disgust,0.976,think went work lying 
Blacc Chyna hood a shit,disgust,1.023,hood 
Wasted another 15 for a stupid one card for no reason neutralface neutralface,disgust,1.14,wasted 
ok so i had to stop my hw to start laughin abt jotaro smokin weed for the very first time n kakyoin goin shit it too dank,disgust,1.39,had stop start shit 
Opened Trash High Grass or Weeds request via iPhone at 64–72 E Heath St Illegal dumping,disgust,1.086,opened 
They think because you avoid drama that you am not with the shit Carry on persontippinghand mediumskintone,disgust,1.008,think avoid carry persontippinghand 
photostudioownerslife a little spelling slip up is NOT worth wasting more gaffer tape lol,disgust,1.117,wasting 
Opened Dirty Alley or Street request via iPhone at 1017 Light St Open trash can and cardboard hath print vermin,disgust,2.172,opened print 
Opened Dirty Alley or Street request via iPhone at 100–298 Eareckson Pl Bags of trash and unbagged debris in th,disgust,1.8130000000000002,opened 
Opened Dirty Alley or Street request via iPhone at 210–222 McAllister St Bags of trash and unbagged debris in t,disgust,1.8130000000000002,opened 
I hate being sick cryingface astonishedface facewithmedicalmask,disgust,1.273,hate cryingface 
Dont read FreddieGray trending feed Ignorant comment from those who can not look more deeply into oppressive structure,disgust,1.1720000000000002,read trending feed look 
them shit burnt and rock hard,disgust,1.351,shit 
Hi I tweet told them to keep the sex offender perverted away from me in courtroom Im Strong than ever before,disgust,2.132,tweet told keep perverted 
Hi go court about sex offender perverted I told to keep that perverted away from me in courtroom Im going be Strong,disgust,2.132,go perverted told keep going 
Hi they are proud of me getting that dirty sex offender perverted caught I be wearing my Shirt hug,disgust,2.859,getting perverted caught wearing 
I hate when girl where makeup all the time persontippinghand like you dont need that shit everyday hundredpoints,disgust,1.515,hate persontippinghand need 
Hi you are going be proud of me like I caught a sex offender perverted doing bad thing around child Im strong,disgust,2.523,going caught perverted doing 
I go court on perverted sex offender perverted May 28 I told Keep that perverted away from me,disgust,2.132,go perverted told keep perverted 
Opened Dirty Alley or Street request via iPhone at Riverside Rd Bulk and trash dump on sidewalk,disgust,1.383,opened 
Opened Dirty Alley or Street request via iPhone at 12 E Montgomery St 3 wet brown bag of dirt and mulch extremel,disgust,1.227,opened 
Damn I hate artsy fartsy camera crap,disgust,1.835,hate 
Dear JuryDuty can you just text me at work like an hour before you need me This cattle call situation is a little degrading and hundredpoints waste,disgust,1.3199999999999998,text need 
hey are you still up You SUCK dont tweet me any of your garbage ever again you worthless human,disgust,1.227,suck tweet 
John Carlson is having a hell of a season Possible Norris candidate next year,disgust,0.93,having 
Ha Shouldnt of been stealing shoe and shit Thats why you down booking facewithtearsofjoy skull,disgust,1.382,stealing booking 
Dont scoff at people who say this too shall pas because that shit doesampif u r doing it right youre gonna be so much better when it happens,disgust,1.1949999999999998,scoff say pas doesampif doing gon happens 
Cant trust every face bitch you gotta watch Never trust ah bitch shit you gotta watch hearnoevilmonkey,disgust,1.4680000000000002,trust got watch trust got watch 
Ur just plain pathetic if ur taking a selfie with a burning car Baltimore BaltimoreRiots BaltimoreNeedsHelp despicable animal,disgust,1.2109999999999999,taking 
it a scary show Im not lying watch it,disgust,0.976,lying watch 
Obama better get the new AG Lynch down here on the double Its about to get real ugly,disgust,1.4140000000000001,get get 
oh shit thats right I forgot that you know exactly who I am my bad,disgust,1.211,forgot know 
Orioles Baltimore Thanks for the wasted trip and money Your city suck can I have a refund on my four ticket,disgust,1.14,wasted suck have 
If you didnt laugh your as off at me Kayla and abbey snap story last night youre lying,disgust,0.976,laugh lying 
Closed Dirty Alley or Street request at 601–699 Linden Ave Cleaned and removed debris close,disgust,1.157,closed cleaned removed 
That lil ugly bitch is really cut tf off,disgust,1.296,cut 
And 95 out of 10 their lying through there corporate teeth facewithtearsofjoy facewithtearsofjoy,disgust,0.976,
Bum bitch fucking wit the whole hood openhands hundredpoints facewithtearsofjoy flexedbiceps,disgust,1.273,fucking wit 
yall dis some Weird Shit,disgust,1.086,dis 
that bitch pug funny a shit facewithtearsofjoy,disgust,1.4680000000000002,
Got me all da way fucked up woe same Shit yu do I can do better doe openhands facewithstuckouttongueclosedeyes facewithstuckouttongueclosedeyes facewithtearsofjoy facewithtearsofjoy,disgust,1.218,got fucked do 
yea I still got some shit to do tho Still hanging but I got it Lol,disgust,1.351,got do hanging got 
Dont let your parent shame you about nasty music bc they definitely danced to Too Close by Next in the club,disgust,1.242,let shame danced 
The ring I ordered are ready and Idk what to do I just wasted 200,disgust,1.14,ordered idk do wasted 
I dont trust shit A bitch could tell me the sky blue amp ill still go check raisinghands mediumdarkskintone,disgust,1.96,trust tell go check raisinghands 
it screaming tween crap Pretty much they are the only one who like him,disgust,1.719,screaming like 
you watched ahead ur a lying bitch,disgust,1.624,watched 
Closed Dirty Alley or Street request at 466–472 W North Ave Cleaned and removed debris close,disgust,1.157,closed cleaned removed 
Closed Dirty Alley or Street request at 1600–1698 Park Ave Cleaned and removed debris close,disgust,1.157,closed cleaned removed 
Turn that shit Off for I start zapping every second,disgust,0.953,turn start zapping 
If I said I didnt care Id be lying,disgust,0.976,said care lying 
If I said I didnt care Id be lying,disgust,0.976,said care lying 
I hate when ugly people dont follow back unamusedface doubleexclamationmark ️,disgust,1.3430000000000002,hate follow 
i really hate 311 shift unamusedface shit so long amp take up your whole day loudlycryingface loudlycryingface loudlycryingface yes I wa so tired lastnight,disgust,1.515,hate take 
lrt her body dirty is shit facewithmedicalmask facewithmedicalmask facewithmedicalmask,disgust,1.547,
Know what let me speak for a second on just how disgusting and offensive the term statesponsored murder is,disgust,2.12,know let speak 
Statesponsored murder is reductionist anarchistic horse shit Calling men and woman with badge essentially contract killer Horrible,disgust,2.315,calling 
I dont see how people drink patron that shit is nasty,disgust,1.5230000000000001,see drink 
Closed Dirty Alley or Street request at 408 Scott St Cleaned and removed debris close,disgust,1.157,closed cleaned removed 
Opened Dirty Alley or Street request via iPhone at 2036 Park Ave Trash dumped in alley not from resident of 203,disgust,1.383,opened dumped 
Closed Dirty Alley or Street request at 3522 Chestnut Ave Baltimore Cleaned and removed debris close,disgust,1.157,closed cleaned removed 
Closed Dirty Alley or Street request at 800 W 35th St Baltimore Cleaned and removed debris close,disgust,1.157,closed cleaned removed 
Her big bum as wanna be talking shir like she dont smell like shit facewithtearsofjoy thumbsdown facewithmedicalmask pileofpoo,disgust,1.6869999999999998,wan talking shir smell 
Opened Dirty Alley or Street request via iPhone at 1120 Nanticoke St Garbage truck ha come but trash is still in,disgust,2.1020000000000003,opened come 
Opened Dirty Alley or Street request via Android at 880 W Lombard St Baltimore 2 bag of trash amp other debris in,disgust,1.8130000000000002,opened 
Closed Dirty Alley or Street request at 1146 Nanticoke St Cleaned and removed debris close,disgust,1.157,closed cleaned removed 
DeAsia be really shitting on Bitches smilingfacewithsunglasses hundredpoints,disgust,1.4680000000000002,shitting 
Closed Dirty Alley or Street request at N3933 E7663 Cleaned and removed debris close,disgust,1.157,closed cleaned removed 
I knew she wa lying though I can so tell,disgust,0.976,knew lying tell 
Closed Dirty Alley or Street request at 29002998 Wenburn St Baltimore Cleaned and removed debris close,disgust,1.157,closed cleaned removed 
you turning your iMessage off amp shit facewithtearsofjoy,disgust,0.953,turning 
Closed Dirty Alley or Street request at N3926 E7663 Cleaned and removed debris close,disgust,1.157,closed cleaned removed 
The Most BumpDown Dirty Niggas In Person Speak DA Realest Shit On Twitter facewithtearsofjoy facewithtearsofjoy,disgust,1.547,speak 
Closed Dirty Alley or Street request at 1001 W 36th St Cleaned and removed debris close,disgust,1.157,closed cleaned removed 
I Hate Ah Stuck Up Ass Female Like Stay Away From Me Wit That Shit victoryhand,disgust,1.515,hate stuck stay 
I remember when I wa craving ihop amp we went amp that shit wa b I wa so mad facewithtearsofjoy,disgust,1.3039999999999998,remember craving went 
I Hate Ah Bum Dumb Ass Bitch unamusedface hundredpoints,disgust,1.765,hate 
Dear ignorant people of societyA fat person eating is not some sort of national geographic documentary Stop staring at u like it is one,disgust,1.023,eating staring 
Opened Trash High Grass or Weeds request via Android at Nanticoke St Baltimore Illegal dumping,disgust,1.086,opened 
im about to turn the news off this shit making me mad,disgust,1.4369999999999998,im turn making 
Opened Dirty Alley or Street request via Android at Nanticoke St Baltimore Illegal dumping,disgust,1.157,opened 
Closed Dirty Alley or Street request at 22002398 Mason Alley Baltimore Cleaned and removed debris close,disgust,1.157,closed cleaned removed 
Closed Dirty Alley or Street request at 1301 S Carey St Baltimore Cleaned and removed debris close,disgust,1.157,closed cleaned removed 
Opened Dirty Alley or Street request via iPhone at 1920 McCulloh St Vacant lot need to be cleaned illegal dumping,disgust,1.157,opened need cleaned 
Closed Dirty Alley or Street request at 1920 McCulloh St Cleaned and removed debris close,disgust,1.157,closed cleaned removed 
can u follow me on vine cuz I sorta told my bestie that u followed me so plz so I wont t tell her Im lying,disgust,0.976,follow told followed tell lying 
your probs the person that make me feel like the most shit but I still want you so bad wtf am I,disgust,1.211,make feel want 
Opened Dirty Alley or Street request via Android at 1341 Bayard St Baltimore Illegal dumping two trash can and,disgust,1.8130000000000002,opened dumping 
Opened Dirty Alley or Street request via iPhone at 1327 Bayard St Trash can with construction debris dumped alon,disgust,1.8130000000000002,opened dumped 
Opened Dirty Alley or Street request via Android at 1028 Boyd St Baltimore Trash bag on side walk,disgust,1.383,opened 
Opened Dirty Alley or Street request via Android at 125 S Arlington Ave Baltimore Bags of trash 1 box of trash,disgust,1.383,opened 
Opened Dirty Alley or Street request via Android at 45 S Arlington Ave Baltimore 1 bag of trash amprandom can of tr,disgust,1.383,opened 
Opened Dirty Alley or Street request via Android at 1112 W Pratt St Baltimore Toilet in rear of property,disgust,1.321,opened 
The Bitch dat say she luv me called me a bum,disgust,1.07,say luv called 
Opened Dirty Alley or Street request via Android at 1121 W Baltimore St Baltimore 3 bag trash 1 box trash,disgust,1.383,opened 
Closed Dirty Alley or Street request at 3845 Falls Rd No trash in alleychecked both side of street,disgust,1.383,closed alleychecked 
Some people are so ignorant you dont have to have been raped to be an advocate for rape survivor,disgust,1.3119999999999998,have raped 
Opened Dirty Alley or Street request via iPhone at 1250 Glyndon Ave Trash behind the area of 1250 through 1260 gl,disgust,1.383,opened 
Opened Dirty Alley or Street request via Android at 2100 Druid Hill Ave Baltimore 12 bag trash in tree well on o,disgust,1.422,opened 
Opened Dirty Alley or Street request via iPhone at 1209 W Lombard St Trash bag and debris in alley rear of 1209,disgust,1.8130000000000002,opened 
Opened Dirty Alley or Street request via iPhone at 918 S Carey St Trash dumped behind this address,disgust,1.383,opened dumped 
I keep smelling my milk,disgust,0.953,keep smelling 
Opened Dirty Alley or Street request via iPhone at 1317 Glyndon Ave Trash clothes dumped behind the area of 131,disgust,1.383,opened dumped 
Opened Dirty Alley or Street request via Android at 12221224 W Lombard St Baltimore Trash amp debris on corner of,disgust,1.8130000000000002,opened 
Opened Dirty Alley or Street request via Android at 509 Gold St Baltimore Tv 3 trash bag in rear rear,disgust,1.383,opened 
ya bitch on my dick she know Im the shit,disgust,1.4680000000000002,know 
Opened Dirty Alley or Street request via Android at 2229 Etting St Baltimore Toilet and carpet dumped in front of,disgust,1.321,opened dumped 
Opened Dirty Alley or Street request via Android at 1320 W Pratt St Baltimore Bag of trash in tree well,disgust,1.422,opened 
Ik Upnext Mad As Shit He Getting Booked Onna Friday hundredpoints,disgust,1.3039999999999998,booked 
Opened Dirty Alley or Street request via iPhone at N3929 E7664 Carey and hollins st leaky water and trash pl,disgust,1.383,opened 
lmao nigga wa really running out of cv w toilet paper in shit facewithtearsofjoy facewithtearsofjoy facewithtearsofjoy skull,disgust,1.4140000000000001,running 
Put on your smut powder slut what,disgust,1.391,put 
This shit bad for the city,disgust,1.211,
Bouta watch porn tell I fall asleep my bitch childish unamusedface smirkingface smirkingface smirkingface,disgust,1.351,watch tell fall smirkingface smirkingface 
Police fuckin Witt me wasting all my damn time,disgust,1.476,fuckin wasting 
Opened Dirty Alley or Street request via Android at 201 S Stricker St Baltimore Trash on side walk,disgust,1.383,opened 
I have to watch this shit while he out there working Damned shame how a few can tarnish the movement,disgust,1.781,have watch working tarnish 
UNCF Please support this organization remember a mind is a terrible thing to waste,disgust,1.3430000000000002,support remember waste 
Closed Dirty Alley or Street request at 1522–1598 Winchester St Cleaned and removed debris close,disgust,1.157,closed cleaned removed 
Opened Dirty Alley or Street request via iPhone at 1522–1598 Winchester St Illegal dumping,disgust,1.157,opened 
Closed Dirty Alley or Street request at 918 N Gilmor St Cleaned and removed debris close,disgust,1.157,closed cleaned removed 
I wa mad a shit Lastnightfor no reason at all facewithtearsofjoy confusedface,disgust,1.3039999999999998,confusedface 
I dont even let that shit make me mad anymore skull,disgust,1.3039999999999998,let make 
Some of my follower eye really ugly a shit wearyface,disgust,1.4680000000000002,
Opened Dirty Alley or Street request via Android at 1723 W Lombard St Baltimore Trash debris on sidewalk,disgust,1.8130000000000002,opened 
nigga say Im sorry turn around and do the same shit again,disgust,0.953,say turn do 
Opened Dirty Alley or Street request via Android at 1727 W Lombard St Baltimore Trash throughout alley,disgust,1.383,opened 
Opened Dirty Alley or Street request via Android at 119 S Fulton Ave Baltimore Trash amp bulk in alley,disgust,1.383,opened 
Hate when people try amp hide shit from me You couldve tried a little harder at least,disgust,1.515,hate try hide tried 
Bitch you still dirty smirkingface facewithtearsofjoy,disgust,1.375,smirkingface 
Fuuck I hate this shit,disgust,1.515,hate 
Opened Dirty Alley or Street request via Android at 1732 Presstman St Baltimore Trash pile,disgust,1.383,opened 
Bum bitch amp nigga stealing outta mondawnmin smilingfacewithopenmouthclosedeyes smilingfacewithopenmouthclosedeyes one of the cheapest mall ever facewithtearsofjoy facewithtearsofjoy,disgust,1.632,stealing 
Opened Trash High Grass or Weeds request via iPhone at 1741 W North Ave Solid waste,disgust,1.351,opened 
Im mad they got my hope up like bitch error yall ugly ass angryface facewithsteamfromnose,disgust,1.78,got 
Opened Dirty Alley or Street request via iPhone at 1801–1811 Baker St Trash need to be picked up mayor initi,disgust,1.383,opened need picked 
Closed Dirty Alley or Street request at 1801–1811 Baker St Cleaned and removed debris close,disgust,1.157,closed cleaned removed 
cause I know that lil bitch still checking cant wait to catch that bum flexedbiceps flexedbiceps oncomingfist raisedfist victoryhand,disgust,1.07,know checking wait catch flexedbiceps raisedfist 
Closed Dirty Alley or Street request at 2563 Southdene Ave Baltimore Cleaned and removed debris close,disgust,1.157,closed cleaned removed 
The smell of tear gas and smoke in the air in Baltimore a demonstration turning violent in Baltimore,disgust,1.2890000000000001,turning 
I hate that friendly shit confoundedface u gotta be rude sometimes because people ah keep pushing it unamusedface raisedhand darkskintone,disgust,1.515,hate confoundedface got keep pushing raisedhand 
still hate your gut,disgust,1.2890000000000001,hate 
inb4 all my friend are too wasted to drink tonight,disgust,1.14,wasted drink 
Closed Dirty Alley or Street request at 2501 Marbourne Ave Baltimore Cleaned and removed debris close,disgust,1.157,closed cleaned removed 
I feel a though everyone ha lied to me amp is still lying to me grinningfacewithsmilingeyes grinningfacewithsmilingeyes,disgust,0.976,feel lied lying 
Closed Dirty Alley or Street request at 2032 Whistler Ave Baltimore Cleaned and removed debris close,disgust,1.157,closed cleaned removed 
We dont want no bum bitch no we dont want no bitch persongesturingNO openhands,disgust,1.07,want want persongesturing 
Closed Dirty Alley or Street request at 2550 Tolley St Baltimore Cleaned and removed debris close,disgust,1.157,closed cleaned removed 
Closed Dirty Alley or Street request at 2570 Tolley St Baltimore Cleaned and removed debris close,disgust,1.157,closed cleaned removed 
change youre default picture were sick of that damn blue pic Nic,disgust,1.1640000000000001,change 
Me You ugly a shit facewithtearsofjoy Him You cute a shit smirkingface,disgust,1.4680000000000002,ugly facewithtearsofjoy 
Bitches bundle be thin a shit smilingfacewithsmilingeyes smilingfacewithsmilingeyes smilingfacewithsmilingeyes smilingfacewithsmilingeyes smilingfacewithsmilingeyes smilingfacewithsmilingeyes smilingfacewithsmilingeyes smilingfacewithsmilingeyes smilingfacewithsmilingeyes smilingfacewithsmilingeyes smilingfacewithsmilingeyes smilingfacewithsmilingeyes smilingfacewithsmilingeyes smilingfacewithsmilingeyes smilingfacewithsmilingeyes smilingfacewithsmilingeyes RFT,disgust,1.4680000000000002,
Im mad i got woke up early a shit for none angryface angryface,disgust,1.3039999999999998,woke 
Ole friendly as bitch yall can have that shit clappinghands,disgust,1.4680000000000002,have 
bitch b lonely a shit facewithtearsofjoy thats why they always running to there lor homegirl,disgust,1.765,running 
like what you lying for,disgust,0.976,lying 
Sike Im fucking lying facewithtearsofjoy loudlycryingface loudlycryingface loudlycryingface,disgust,0.976,fucking lying 
facewithtearsofjoy fall in line wit the rest of the bitch who block me smirkingface you am not say SHIT facewithstuckouttongueclosedeyes tired of seeing ya as on my tl any way wavinghand,disgust,1.4680000000000002,wit block smirkingface say seeing 
i dont like nothing abt oomf short cutt facewithmedicalmask shit look terrible facewithtearsofjoy thumbsdown,disgust,1.382,like look 
We dont want no Bum Bitch we dont want no Bum we dont want no Bum Bum Bummmm,disgust,1.07,want want want 
a bitch got me fucked up if she think she rey squash some beef wit me facewithtearsofjoy loudlycryingface am not no calling shit off doubleexclamationmark ️,disgust,1.4680000000000002,got fucked think rey squash wit 
I hate being sick loudlycryingface,disgust,1.273,hate 
facewithtearsofjoy facewithtearsofjoy I would be mad a shit yo,disgust,1.3039999999999998,
facewithtearsofjoy facewithtearsofjoy facewithtearsofjoy facewithtearsofjoy let mew get out my feeling to early for this shit thumbsdown,disgust,0.961,let get 
Opened Dirty Alley or Street request via iPhone at 2523–2581 Druid Park Dr Trash along road side in wood along,disgust,1.383,opened 
Dfl hell yea Im playing that shit now facewithtearsofjoy facewithtearsofjoy,disgust,1.5,playing 
I may come off hard up but my feeling really soft a shit,disgust,0.961,come 
this shit bigger than freddie gray flushedface,disgust,0.953,flushed 
Weird as crap,disgust,1.047,
Lets use a death of a fellow citizen a an excuse to destroy the city act like idiot and get free shit,disgust,1.9680000000000002,let use destroy get 
Shit make me wanna go downtown amp protest too flexedbiceps JusticeForFreddieGray,disgust,0.953,make wan go 
YALL DAMAGING SHIT DOWNTOWN BUT THEY GOT YALL FACE ON CAMERA exclamationmark ️ like personbowing mediumskintone,disgust,1.211,damaging got personbowing 
Basic Bitches think they the shit on prom shit smilingfacewithopenmouthcoldsweat litterinbinsign,disgust,1.4680000000000002,think 
I hate when nigga call me yo dummy woee amp the rest of that dumb shit unamusedface exclamationmark ️ expressionlessface •,disgust,1.515,hate call amp 
Caravaggio because of death revealed a poisoning from lead paint the sacrifice of a great artist,disgust,1.359,revealed 
Not we want answer and not to be looked at a thug when we break shit you know the right any respectable raven fan would have,disgust,1.4140000000000001,want looked break know have 
People like dont blame u for the stupid shit we do because it people doing way worst,disgust,1.1949999999999998,blame do doing 
Think about like this a white boy rape a white girl in college and let say the press cover it up until he is convicted but then,disgust,1.5390000000000001,think let say cover convicted 
Jody just told me thats some bitter Bitch shit if ever he heard it,disgust,1.4680000000000002,told heard 
Closed Dirty Alley or Street request at 2801–2869 Rosalind Ave Cleaned and removed debris close,disgust,1.157,closed cleaned removed 
I make a nigga do this joke Im bitter he do a bitch am not shit joke it 100,disgust,1.4680000000000002,make do do 
Closed Dirty Alley or Street request at 27142726 Gwynns Falls Pkwy Baltimore Cleaned and removed debris close,disgust,1.157,closed cleaned removed 
I hate being busy a shit at work and having to plan shit out for right after work such a clusterfuck,disgust,1.515,hate having plan 
These bitch in my school drama amp ugly skull skull,disgust,1.296,
Mad a shit Im at work and cant see my cousin go to prom,disgust,1.3039999999999998,see go 
My hair really need to be done this shit a mess facewithtearsofjoy wearyface,disgust,1.3039999999999998,need done 
Bitches love this Twitter shit yo amp they nothing without it openhands,disgust,1.4680000000000002,love amp 
yea rd Im dead serious I cant even buy shit because nigga wanna be stealing from my mall loudlycryingface loudlycryingface loudlycryingface,disgust,1.382,buy wan stealing 
When the toilet water hit you let butt while u shitting smilingfacewithsmilingeyes smilingfacewithsmilingeyes smilingfacewithsmilingeyes smilingfacewithsmilingeyes smilingfacewithsmilingeyes smilingfacewithsmilingeyes smilingfacewithsmilingeyes smilingfacewithsmilingeyes smilingfacewithsmilingeyes smilingfacewithsmilingeyes smilingfacewithsmilingeyes smilingfacewithsmilingeyes smilingfacewithsmilingeyes smilingfacewithsmilingeyes smilingfacewithsmilingeyes smilingfacewithsmilingeyes smilingfacewithsmilingeyes smilingfacewithsmilingeyes smilingfacewithsmilingeyes smilingfacewithsmilingeyes smilingfacewithsmilingeyes smilingfacewithsmilingeyes smilingfacewithsmilingeyes smilingfacewithsmilingeyes smilingfacewithsmilingeyes smilingfacewithsmilingeyes smilingfacewithsmilingeyes smilingfacewithsmilingeyes smilingfacewithsmilingeyes smilingfacewithsmilingeyes smilingfacewithsmilingeyes smilingfacewithsmilingeyes smilingfacewithsmilingeyes smilingfacewithsmilingeyes smilingfacewithsmilingeyes,disgust,1.4140000000000001,hit let shitting 
Opened Dirty Alley or Street request via Android at N3934 E7667 Tires and trash bag dumped beside adjacent hou,disgust,1.383,opened dumped 
Opened Trash High Grass or Weeds request via Android at 1103 N Longwood St Baltimore Unsightly trash placed in,disgust,1.2969999999999997,opened placed 
Bitches Dubsmashes Be Looking a Mess facewithtearsofjoy facewithtearsofjoy facewithtearsofjoy loudlycryingface,disgust,1.132,looking 
Bitch u petty a shit I kno dat wa ya work,disgust,1.4680000000000002,petty kno wa work 
who can u trust when everybody doing snake shit,disgust,1.382,trust doing 
Shit NEVA go my way Im always being fucked over an put in bad situation,disgust,1.211,go fucked 
Nd you bitch you look like flava flav This comedy funni a shit facewithtearsofjoy facewithtearsofjoy wearyface,disgust,1.4680000000000002,bitch look funni 
You a long neck donkey face thot bitch who dirty and who mattress onna floor doubleexclamationmark ️shordy dat a couple valid point facewithtearsofjoy facewithtearsofjoy,disgust,1.586,mattress 
All people are doing is trashing a city and living up to stereotype it fucking disgraceful,disgust,1.281,doing trashing living fucking 
Closed Dirty Alley or Street request at 3050 Brighton St Baltimore Cleaned and removed debris close,disgust,1.157,closed cleaned removed 
bitch I never been ugly unamusedface,disgust,1.296,
I hate people who try to bring others done bc they feel like shit in the inside,disgust,1.515,hate try bring done feel 
A female will call u ugly because she dont like you Whole time on the inside she thinking damn she pretty af thats why I dont like her facewithstuckouttonguewinkingeye,disgust,1.007,call like thinking af like 
If she smell like Frankincense and Sage cuff her She am not got no demon,disgust,1.187,smell cuff got 
I did that and I wa like ugly nose Horrible eyebrow And after that Its trash smh,disgust,2.14,did 
Uuugghhhh that shit just made me sooooo Mad facewithsteamfromnose facewithsteamfromnose unamusedface unamusedface unamusedface loudlycryingface loudlycryingface loudlycryingface,disgust,1.3039999999999998,made 
DONT MAKE A HAITIAN MAD THEY KNOW VOODOO THAT SHIT WILL MESS YOU RIGHT THE FUCK UP TRUST ME,disgust,1.7879999999999998,make know mess trust 
Bitches be saying fuck iphones but be wanting them bad a shit facewithtearsofjoy facewithtearsofjoy facewithtearsofjoy hundredpoints,disgust,1.859,saying fuck wanting 
Dee Lor Ass Be Mad As Shit facewithtearsofjoy facewithtearsofjoy,disgust,1.3039999999999998,
This shit n Baltimore need to stop protest solve nothing especially when idiot are in them,disgust,1.3119999999999998,need stop solve 
Hate when people try play me for a fool victoryhand,disgust,1.156,hate try play 
Shit is ridiculous I just cant wait to come back home tomorrow,disgust,1.172,wait come 
Bitches dont put there face in the camera camera when they dont have make up on facewithtearsofjoy facewithtearsofjoy Im on to you ugly bitch facewithtearsofjoy facewithtearsofjoy hundredpoints,disgust,1.296,put make 
I fucking hate watching spongebob yo that shit so dumb facewithsteamfromnose facewithsteamfromnose,disgust,1.515,fucking hate watching shit 
rey turn my phone off until later shit dry anyway thumbsdown,disgust,0.953,turn 
That forever shit is a forever lie and you can forever get tf out my face,disgust,1.265,get tf 
I hate being sick sleepingface,disgust,1.273,hate 
I sure love being mentally ill and an idiot,disgust,0.984,love 
Opened Dirty Alley or Street request via iPhone at N3931 E7668 Mattress and trash,disgust,1.383,opened 
He wa dead mad at me because the shit I wa saying wa right amp everybody else wanna be quite,disgust,1.3039999999999998,saying amp wan 
yeah it so disgusting the beach here have brown water with flesh eating bacteria at the bed Its surreal for someone from HI,disgust,1.7109999999999999,have eating 
Now You Know You Too Old To Be Lying On Ya Strap facewithtearsofjoy facewithtearsofjoy grinningface grinningfacewithsmilingeyes grinningface facewithtearsofjoy grinningfacewithsmilingeyes,disgust,0.976,know lying grinningface grinningface 
my thing is u bitch talk about everybody den look a mess when prom come or cant go facewithtearsofjoy facewithtearsofjoy facewithtearsofjoy facewithtearsofjoy,disgust,1.132,is talk look come go 
You am not never been in my town nigga persontippinghand mediumskintone A good place to go but the murder rate so ridiculous wearyface doubleexclamationmark ️,disgust,1.1909999999999998,persontippinghand go 
FeministsAreUgly Well As Long As Everyone Gets Equal Rights smilingface ️ Then Ill Take That pistol beatingheart,disgust,1.14,gets smilingface take 
keep lying bye mam lmao,disgust,0.976,keep lying 
You think the devil is a liar you mustve never met a nigga from baltimore city loudlycryingface loudlycryingface loudlycryingface loudlycryingface loudlycryingface loudlycryingface loudlycryingface loudlycryingface tiredface tiredface tiredface,disgust,1.203,think met tiredface tiredface 
Yuck I wore flip flop and now I got dirty foot,disgust,1.016,wore got 
This shit is Terrible Like Fr persontippinghand unamusedface hundredpoints,disgust,1.382,persontippinghand 
he dont do shit for dis city hundredpoints hundredpoints built a MELO center and da building up for lease and damaged sleepyface he at home for da playoff,disgust,1.211,do built damaged 
ayo nigga lie about dumb Shit,disgust,1.265,lie 
Opened Trash High Grass or Weeds request via iPhone at 4325 Norfolk Ave More rat have been sighted it been,disgust,1.2890000000000001,opened sighted 
Its probably because Ive been moving a round a lot all day and Im lying now but jeez git gud,disgust,0.976,moving lying 
My eye are so god damn ugly in that pic GOD ignore them pls thats what happens when I dont use eyeliner,disgust,1.007,ignore happens use 
I got a dirty as mind facewithtearsofjoy I cant lie openhands mediumskintone litterinbinsign seenoevilmonkey smirkingface,disgust,1.258,got lie 
Its early and Sunday So imma try my best to behave but u bitch make me sick ampamp Im bout to start callin yall out on ya shit,disgust,2.046,try behave make bout start 
Like if I fwu Im your friend I like hanging out dont fuck it up by trynna bein mushy n shit then I distance myself from u,disgust,1.351,fwu like hanging fuck tryn distance 
Own up to ya shit and then flush that shit down the toilet,disgust,1.4140000000000001,own flush 
I hate when people say no invite Mf if somebody invited me how imma invite u N then dont ever invite me to shit,disgust,1.515,hate say invite invited invite invite 
Believe in me lol I look a mess but shit I needed Gas I wa on E,disgust,1.3039999999999998,believe look needed wa 
straight up ignorant yo this shit am not even a protest no more hundredpoints,disgust,1.226,
right people be using that shit for everything Oh Im 22 without a car my parent dont pay for my shit bitch wuttttt,disgust,1.4680000000000002,using pay 
because shit so terrible no one worried about snapchat,disgust,1.382,
once im on my shit im the bad guy neutralface,disgust,1.211,
Ive wasted too much of my life on people that only exhaust me,disgust,1.14,wasted exhaust 
stop lying facewithtearsofjoy,disgust,0.976,stop lying 
I hate you so much it make me sick it even make me rhyme,disgust,1.273,hate make make rhyme 
astonishedface astonishedface astonishedface it 2015 n nigga still lying on they dick lmao just fuck ugly bitch instead of lying,disgust,2.272,astonishedface lying dick fuck 
I am sinner who probably who gonna sin again lord forgive me,disgust,1.344,gon sin forgive 
Do not where crop top n Lor shirt if ya stomach look nasty facewithtearsofjoy facewithmedicalmask shit is so unattractive hundredpoints,disgust,2.39,look 
I swear All his ex are ugly a hell flushedface persongesturingNO mediumdarkskintone Except Me facewithtearsofjoy facewithtearsofjoy skull clappinghands mediumdarkskintone,disgust,1.328,swear flushedface persongesturing 
I cant hang with ugly female who cant dress sorry yall make me look bad,disgust,1.039,hang dress make look 
Guess Baltimore police department wasnt lying about the Bloods Crips and BGF coming together,disgust,0.976,guess lying coming 
cactus a Bitch doubleexclamationmark ️ I Ont Trust Her She Be On Her Bucket Shit hundredpoints,disgust,1.4680000000000002,cactus trust 
cactus a Bitch doubleexclamationmark ️ I Ont Trust Her She Be On Her Bucket Shit hundredpoints,disgust,1.4680000000000002,cactus trust 
Bitches live mile away but talking shit loudlycryingface,disgust,1.4680000000000002,live talking 
This bitch on her ferry wap shit facewithtearsofjoy skull nailpolish she better go head,disgust,1.4680000000000002,go 
I think in order to attend UMBC you have to be ugly or fat or both The other option is to be an ambiguous gender,disgust,1.265,think attend have is 
And fuck you you am not shit and nobody want you in Maryland because youre trash,disgust,1.476,fuck want 
Always be the ugly bitch sayn summ,disgust,1.296,
That breakfast wa nasty is shit,disgust,1.5230000000000001,
All bitch did this year is waste my time and money 2014 we want you back,disgust,1.3430000000000002,did waste want 
I knew this shit wa gonna get ugly can never have a peaceful protest smh,disgust,1.4680000000000002,knew gon get have 
Looting am not militant thats a ignorant dumb as opportunist way to try to come up during a time of revolution smh stupid as shit,disgust,1.226,try come 
fuck is you lying to them on Twitter loudlycryingface loudlycryingface skull you know what you did doubleexclamationmark ️,disgust,0.976,fuck lying know did 
when people drink chocolate milk they dont really want the milk they are just lying to themselves,disgust,0.976,drink want lying 
MorningMotivationDont concern yourself with what others are doing and stop wasting your time…,disgust,1.117,concern doing stop wasting 
After I got arrested last year for bullshit I knew cop wasnt shit That pig got mad for speaking out for my right,disgust,1.8430000000000002,arrested knew got speaking 
LMAO please ignore CNN they lying Duck them,disgust,0.976,ignore lying duck 
boy you am not shit sleepyface,disgust,0.937,
Let them When you mad you trash shit Change am not going just happen sometimes you going have to force that shit doubleexclamationmark ️ hundredpoints,disgust,1.96,let mad trash going happen going have force 
I am not going lie State Troopers and county Police Rey shut that shit down sleepingface openhands mediumskintone,disgust,1.265,going lie shut sleepingface 
Smoking hella diesel smelling like a nigga farted,disgust,0.953,smelling farted 
Everybody squad ha A designated ugly fat friend,disgust,1.265,designated 
bruh i hate when unsaved number tmp neutralface calling me bae and shit facewithmedicalmask like do i know you confusedface,disgust,1.515,hate calling know confusedface 
I hate when nigga call me yo dummy woee amp the rest of that dumb shit unamusedface exclamationmark ️ expressionlessface • catfacewithtearsofjoy catfacewithtearsofjoy catfacewithtearsofjoy catfacewithtearsofjoy catfacewithtearsofjoy catfacewithtearsofjoy bro,disgust,1.515,hate call amp 
Gingrich cheated on his wife when she wa sick Gingrich passed judgment on Bill Clinton Hypocrite,disgust,1.6640000000000001,cheated wa passed 
ayo Imma fuck you up facewithtearsofjoy clappinghands mediumskintone lying and shit for Twitter,disgust,1.796,mm fuck 
cuz I only hear bad shit about you facewithtearsofjoy facewithtearsofjoy,disgust,1.211,hear 
Then these dumb as bitch wan entertain that shit,disgust,1.4680000000000002,entertain 
The stealing toilet paper outta CVS facewithtearsofjoy loudlycryingface loudlycryingface loudlycryingface loudlycryingface,disgust,1.156,
I hate this whore omfg,disgust,1.461,hate 
most people despise because he rich piece of trash that beat his woman in front of his kid,disgust,1.226,despise beat 
facewithtearsofjoy facewithtearsofjoy skull yo sick better call d nasty,disgust,1.281,
imma spit some real shit wen they ask who I care about smilingfacewithhearteyes persontippinghand mediumskintone hundredpoints kiss,disgust,1.39,spit ask care persontippinghand 
hell no that shit still funny facewithtearsofjoy it a lit image Fuck white ppl,disgust,1.5,sofjoy fuck 
hell no that shit still funny facewithtearsofjoy it a lit image Fuck white ppl,disgust,1.5,sofjoy fuck 
I hate when people get drunk they all goofy and shit,disgust,1.515,hate get shit 
we am not showing shit This am not no game people are tired of the boy in blue,disgust,0.937,showing 
shit whats the move tonight woe,disgust,1.218,
This shit is waaay bigger than Freddie Gray This is about the white man getting away with murder pistol,disgust,1.7919999999999998,getting 
Now what doe the world think of Baltimore City Maryland now SMH this shit is PATHETIC,disgust,1.297,think smh 
Come on Baltimore Baltimore this my city and they fuckin shit up Fuck the pig dummy dummy shit still going on b,disgust,1.359,come shit fuck going 
Im mad a shit my nail just came off wearyface,disgust,1.3039999999999998,came 
If we talk act like we talk dont be on no phoney petty shit leading a bitch on and let them fall hundredpoints raisedfist mediumlightskintone,disgust,1.4680000000000002,talk talk leading let fall raisedfist 
These bitch is sloppy,disgust,1.21,
Never Turned That Shit On Lls,disgust,0.953,turned 
She sexy she fine she say she love me I say she lying,disgust,0.976,sexy say love say lying 
tall use to it from elementary school on up skull facewithtearsofjoy facewithtearsofjoy facewithtearsofjoy that shit feel weird to u,disgust,1.086,feel 
I hate that gay shit poutingface facewithsteamfromnose,disgust,1.515,hate poutingface 
Bitches love messing with pregnant girl facewithtearsofjoy litterinbinsign clappinghands hundredpoints,disgust,1.132,love messing 
Lying as nigga,disgust,0.976,lying 
How Lexington Market remains open with an active rat infestation show you how corrupt Baltimore City Government is,disgust,2.001,remains show 
You am not lying yall gonna have to fight the rat inside of Lexington Market,disgust,1.609,lying gon have fight 
yall turning the ball over way too much doing stupid shit overdribbling the buck good defensively but most of it is yall,disgust,0.953,turning doing overdribbling 
Blake griffing keep turning the ball over when they need to execute smh stop lettinh him touch that shit cp3 thats how they lost game 2,disgust,1.2029999999999998,griffing keep turning need execute stop lettinh touch lost 
People that commute to downtown Baltimore is going to get sick of this shit quick,disgust,1.3980000000000001,commute going get 
Burning the American flag show your the biggest scum bag in the US an if you hate this country so much just leave no one is stopping you,disgust,1.39,burning show hate leave stopping 
Oh just blocking yall ugly bitch,disgust,1.296,blocking 
Ayo first off nigga not eatin no type of as that shit dead 1000x over second YO DIRTY AS SHIT raisedhand mediumdarkskintone skull skull skull pileofpoo persongesturingNO mediumskintone facewithmedicalmask facewithmedicalmask,disgust,1.547,eatin raisedhand persongesturing 
Hate new car smell facewithsteamfromnose,disgust,1.14,hate 
Ugh I hate being in this house it boring a shit yo wearyface wearyface wearyface wearyface,disgust,1.515,hate 
Why would you try so hard to bring u there but then hate our gut for living here,disgust,1.2890000000000001,try bring hate living 
I need to gain weight but i also need to lose fat dilemna,disgust,1.086,need gain need lose 
This wa before backpage too so you know Im not lying,disgust,0.976,know lying 
my roommate just mad because she a hoe and fucked my brother and he dont want he ugly long chin deformed disproportioned body as facewithtearsofjoy,disgust,2.4210000000000003,fucked want deformed disproportioned 
bitch are so weak they cant even say shit to your face facewithtearsofjoy,disgust,1.4680000000000002,say 
I want my bby boy to play football nd really fck shit up Aint tryna raise no pretty boy over here MenOnly flexedbiceps,disgust,0.937,want play shit try raise 
thanks man i always doJust got a lil girl who bby daddy kept blowing up my shit now she think im jealous facewithtearsofjoy Bitch im blessed,disgust,2.0069999999999997,got kept blowing think blessed 
Why would they use that ugly man w the fucked up teeth Every where keep saying got emm Okay Get emm some damn dental work openhands unamusedface,disgust,1.007,use fucked keep saying got get 
I be lonely a shit wearyface,disgust,1.117,
I swear some people are out there rioting and shit just because they get a chance to act a fool and have an excuse Educate yourself damn,disgust,1.281,swear get act have educate 
Im show these bitch as nigga dis summer since they think all this shit that,disgust,1.4680000000000002,show think 
Lowkey hate your gut but like the attention so,disgust,1.2890000000000001,hate like 
Lowkey hate your gut but like the attention so,disgust,1.2890000000000001,hate like 
Ugly bitch are always talking shit,disgust,2.116,talking 
Can I leave now This shit make me disappointed to say Im from Baltimore,disgust,1.148,leave make say 
Koke creates a lot of chance for a deep lying playmaker,disgust,0.976,creates 
Anti GEJ isnt pro buhari But what are buharis obvious ill Im curious A man wa slandered mercilessly wa all I saw,disgust,1.101,slandered saw 
that shit is so irritating,disgust,1.1949999999999998,
my goal is to NOT get wasted this time,disgust,1.14,is wasted 
In my employment practice I deal with real discriminationharassment issue not this protect adult from real life infantile garbage,disgust,1.141,deal protect 
U soulless piece of shit,disgust,1.5,
lls you funny a shit I gave yall my address stop pumping lul boy lih you would come out here dumb asf foh,disgust,0.937,lls gave stop pumping come 
All in my feeling and shit F dat,disgust,0.961,
She lying on a Sunday loudlycryingface loudlycryingface,disgust,0.976,lying 
Shame on right wing exploiting claiming race war Youre wrong and idiot for your lie,disgust,1.476,exploiting claiming 
bitch are so ugly it make me so mad,disgust,1.78,make 
lying will make me not talk to your dumb as again,disgust,0.976,lying make talk 
Im on your side Vandals and hood rat blame everything on everybody but themselves Stop F up my city,disgust,1.2109999999999999,blame stop 
When his new bitch a bum smilingfacewithsmilingeyes smilingfacewithsmilingeyes smilingfacewithsmilingeyes smilingfacewithsmilingeyes smilingfacewithsmilingeyes smilingfacewithsmilingeyes smilingfacewithsmilingeyes smilingfacewithsmilingeyes smilingfacewithsmilingeyes smilingfacewithsmilingeyes smilingfacewithsmilingeyes smilingfacewithsmilingeyes smilingfacewithsmilingeyes smilingfacewithsmilingeyes smilingfacewithsmilingeyes smilingfacewithsmilingeyes smilingfacewithsmilingeyes smilingfacewithsmilingeyes smilingfacewithsmilingeyes smilingfacewithsmilingeyes smilingfacewithsmilingeyes smilingfacewithsmilingeyes smilingfacewithsmilingeyes smilingfacewithsmilingeyes smilingfacewithsmilingeyes smilingfacewithsmilingeyes smilingfacewithsmilingeyes smilingfacewithsmilingeyes smilingfacewithsmilingeyes,disgust,1.07,
When a bitch call you a bum but you got All her nigga ina frenzy facewithstuckouttonguewinkingeye facewithstuckouttongueclosedeyes facewithstuckouttongue smilingfacewithsmilingeyes smilingfacewithsmilingeyes smilingfacewithsmilingeyes smilingfacewithsmilingeyes smilingfacewithsmilingeyes smilingfacewithsmilingeyes smilingfacewithsmilingeyes smilingfacewithsmilingeyes smilingfacewithsmilingeyes smilingfacewithsmilingeyes smilingfacewithsmilingeyes smilingfacewithsmilingeyes smilingfacewithsmilingeyes smilingfacewithsmilingeyes smilingfacewithsmilingeyes smilingfacewithsmilingeyes smilingfacewithsmilingeyes smilingfacewithsmilingeyes smilingfacewithsmilingeyes smilingfacewithsmilingeyes smilingfacewithsmilingeyes smilingfacewithsmilingeyes smilingfacewithsmilingeyes smilingfacewithsmilingeyes smilingfacewithsmilingeyes smilingfacewithsmilingeyes smilingfacewithsmilingeyes smilingfacewithsmilingeyes smilingfacewithsmilingeyes smilingfacewithsmilingeyes smilingfacewithsmilingeyes smilingfacewithsmilingeyes smilingfacewithsmilingeyes smilingfacewithsmilingeyes smilingfacewithsmilingeyes smilingfacewithsmilingeyes smilingfacewithsmilingeyes smilingfacewithsmilingeyes smilingfacewithsmilingeyes smilingfacewithsmilingeyes smilingfacewithsmilingeyes smilingfacewithsmilingeyes smilingfacewithsmilingeyes smilingfacewithsmilingeyes smilingfacewithsmilingeyes smilingfacewithsmilingeyes smilingfacewithsmilingeyes smilingfacewithsmilingeyes loudlycryingface doubleexclamationmark ️ doubleexclamationmark ️ doubleexclamationmark ️,disgust,1.07,call got 
Thats some bum pressed as shit hundredpoints,disgust,1.242,pressed 
These protestors of ALL race dont give two shit about freddie gray this is just a reason for them to act like fucking animal,disgust,0.953,give act fucking 
probably smell and sorry to hear that assuming it insidious 3,disgust,1.218,smell hear assuming 
BITCH I REPEATED THE 9TH CAUSE I MISSED TO MANY DAYS What The F... THE LINK CAUSE NOW YOU JUST FUCKING RAPPING DIRTY ASS BITCH,disgust,1.375,repeated missed fucking rapping 
I hate being placed in ugly awk situation This is just Smh,disgust,1.3430000000000002,hate placed 
the front camera on the iPhone will humble you and remind yo as you ugly a shit facewithtearsofjoy facewithtearsofjoy facewithtearsofjoy facewithtearsofjoy,disgust,1.515,humble remind ugly 
People that say it not always about look Lies youre a Liar unamusedface,disgust,0.9840000000000001,say lies 
lol bitch be pressed a shit not to like me like I care facewithtearsofjoy thats a dead mission because I will never give a fuck smilingface ️,disgust,1.4680000000000002,pressed like care give 
Ant with the shit is what they all said Murder wa the charge now they all dead,disgust,1.659,said 
smilingfacewithsunglasses hey fam sleepingface we on the phone rn but hate you whore redheart redheart,disgust,1.461,sleepingface hate 
me I hate people who laugh at the stupidest shit,disgust,1.515,hate laugh 
Is you mad cuz she fucking a wit a fat nigga,disgust,1.101,fucking 
Now all your love is wasted and then who the hell wa I,disgust,1.82,wasted 
my gum bleeding in shit facewithtearsofjoy facewithtearsofjoy facewithtearsofjoy facewithtearsofjoy,disgust,1.4289999999999998,
My bottom lip fat a shit,disgust,1.4369999999999998,
Quan woulda did prom so dirty I know dink and mire gone fuck it up for em,disgust,1.227,know gone fuck 
These nigga is hood hopper shit never been cool,disgust,1.023,
OMG You Or youll poke my nose or some shit unamusedface,disgust,1.0,poke 
I hate ugly girl that swearrrrrrrrr they look good like gtfoh fckin troll facewithsteamfromnose,disgust,1.3430000000000002,hate swearrrrrrrrr look 
I really shit on a a bunch of bitch effortlessly nailpolish mediumskintone,disgust,1.4680000000000002,shit 
i just really dont care about talking to anyone anymore dont have time to have my valuable time to be wasted,disgust,1.14,care talking have have wasted 
Its no way young thug that rich an still that ugly fuck wrong wit yo,disgust,1.242,
We dont want no bum bitch,disgust,1.07,want 
Fr Ask About A Nigga Down Contee That Shit Get Mad Disrespectful,disgust,1.7879999999999998,ask get 
Boyy RIP Titty boy tf thats our man so this TBlock nigga we do all this shit for Titty,disgust,0.937,rip do 
Hate to see yall female turn sick,disgust,1.406,hate see turn 
oh okay people need to stop lying,disgust,0.976,need stop 
bitch we going to Towson We bouta eat tf facewithtearsofjoy facewithtearsofjoy facewithtearsofjoy SHIT IM DRESSED,disgust,1.4680000000000002,going eat 
wakaforprez2k16 Sincerity is a trust while lying is a betrayal,disgust,1.5930000000000002,lying 
If your with someone making smilingfacewithhearteyes faceblowingakiss eye on someone page is straight trashy Specially when your bio say shit like taken Happy Motherfather,disgust,1.4680000000000002,making faceblowingakiss say taken 
im sick of these prom picture sayn yall slayed and shit no yall didnt neutralface just say ya friend looked nice like stop lieing,disgust,1.8430000000000002,slayed say looked lieing 
Fml my stomach hate me right now whatdidieat,disgust,1.0070000000000001,hate 
he know I got him flexedbiceps mediumskintone facewithtearsofjoy he sick a shit skull,disgust,1.3980000000000001,know got 
If I dated a bitch shit prolly be better,disgust,1.4680000000000002,dated 
This fake as Ariel bitch think she fooling me,disgust,1.109,think fooling 
Shit Ill be an accountant doctor and lawyer,disgust,1.172,
These two bitch next to me watching gay porn,disgust,1.351,watching 
This bitch confused like shit,disgust,1.4680000000000002,confused 
Dirty mind n shit,disgust,1.633,
Prom should just be about having a great time besides wasting your parent money trying to look better than everyone else,disgust,1.117,having wasting trying look 
This asthma shit is making me sick cryingface Howard County General Hospital,disgust,1.3980000000000001,making cryingface 
Tell the truth and shame the devil Zerotolerance,disgust,1.203,tell shame 
Its ugly too Like it not hoe pantsIts just Makes u look confused a hell You want short or not,disgust,1.328,pants makes look want 
Are yall serious with this fuck boy shit,disgust,0.937,
Blacc Chyna hood a shit,disgust,1.023,hood 
I hate when people get drunk they all goofy and shit,disgust,1.515,hate get shit 
bitch I never been ugly unamusedface,disgust,1.296,
hate wen people assume shit neutralface expressionlessface,disgust,1.515,hate assume 
Why lie Get our hope up n shit,disgust,1.265,lie get 
It doesnt take an idiot to see that the reason people hate Lena Dunham so much is because theyre so mad they didnt have her idea first,disgust,1.671,take see hate is have 
she changed her name to Aty fuck toy or some shit like that for a while I lie to you not,disgust,1.265,changed fuck lie 
